# time, sec, q, qc, qf, cc, cf
1990-07-02 00:01:40, 100, 0.00000, 0.00000, 0.00000, 0.00000, 0.00000
1990-07-02 00:03:20, 200, 0.00000, 0.00000, 0.00000, 0.00000, 0.00000
1990-07-02 00:05:00, 300, 0.00000, 0.00000, 0.00000, 0.00000, 0.00000
1990-07-02 00:06:40, 400, 0.00000, 0.00000, 0.00000, 0.00000, 0.00000
1990-07-02 00:08:20, 500, 0.00000, 0.00000, 0.00000, 0.00000, 0.00000
1990-07-02 00:10:00, 600, 0.00000, 0.00000, 0.00000, 0.00000, 0.00000
1990-07-02 00:11:40, 700, 0.00000, 0.00000, 0.00000, 0.00000, 0.00000
1990-07-02 00:13:20, 800, 0.00000, 0.00000, 0.00000, 0.00000, 0.00000
1990-07-02 00:15:00, 900, 0.00000, 0.00000, 0.00000, 0.00000, 0.00000
1990-07-02 00:16:40, 1000, 0.00000, 0.00000, 0.00000, 0.00000, 0.00000
1990-07-02 00:18:20, 1100, 0.00000, 0.00000, 0.00000, 0.00000, 0.00000
1990-07-02 00:20:00, 1200, 0.00000, 0.00000, 0.00000, 0.00000, 0.00000
1990-07-02 00:21:40, 1300, 0.00000, 0.00000, 0.00000, 0.00000, 0.00000
1990-07-02 00:23:20, 1400, 0.00000, 0.00000, 0.00000, 0.00000, 0.00000
1990-07-02 00:25:00, 1500, 0.00000, 0.00000, 0.00000, 0.00000, 0.00000
1990-07-02 00:26:40, 1600, 0.00000, 0.00000, 0.00000, 0.00000, 0.00000
1990-07-02 00:28:20, 1700, 0.00000, 0.00000, 0.00000, 0.00000, 0.00000
1990-07-02 00:30:00, 1800, 0.00000, 0.00000, 0.00000, 0.00000, 0.00000
1990-07-02 00:31:40, 1900, 0.00000, 0.00000, 0.00000, 0.00000, 0.00000
1990-07-02 00:33:20, 2000, 0.00000, 0.00000, 0.00000, 0.00000, 0.00000
1990-07-02 00:35:00, 2100, 0.00000, 0.00000, 0.00000, 0.00000, 0.00000
1990-07-02 00:36:40, 2200, 0.00000, 0.00000, 0.00000, 0.00000, 0.00000
1990-07-02 00:38:20, 2300, 0.00000, 0.00000, 0.00000, 0.00000, 0.00000
1990-07-02 00:40:00, 2400, 0.00000, 0.00000, 0.00000, 0.00000, 0.00000
1990-07-02 00:41:40, 2500, 0.00000, 0.00000, 0.00000, 0.00000, 0.00000
1990-07-02 00:43:20, 2600, 0.00000, 0.00000, 0.00000, 0.00000, 0.00000
1990-07-02 00:45:00, 2700, 0.00000, 0.00000, 0.00000, 0.00000, 0.00000
1990-07-02 00:46:40, 2800, 0.00000, 0.00000, 0.00000, 0.00000, 0.00000
1990-07-02 00:48:20, 2900, 0.00000, 0.00000, 0.00000, 0.00000, 0.00000
1990-07-02 00:50:00, 3000, 0.00000, 0.00000, 0.00000, 0.00000, 0.00000
1990-07-02 00:51:40, 3100, 0.00000, 0.00000, 0.00000, 0.00000, 0.00000
1990-07-02 00:53:20, 3200, 0.00000, 0.00000, 0.00000, 0.00000, 0.00000
1990-07-02 00:55:00, 3300, 0.00000, 0.00000, 0.00000, 0.00000, 0.00000
1990-07-02 00:56:40, 3400, 0.00000, 0.00000, 0.00000, 0.00000, 0.00000
1990-07-02 00:58:20, 3500, 0.00000, 0.00000, 0.00000, 0.00000, 0.00000
1990-07-02 01:00:00, 3600, 0.00000, 0.00000, 0.00000, 0.00000, 0.00000
1990-07-02 01:01:40, 3700, 0.00000, 0.00000, 0.00000, 0.00000, 0.00000
1990-07-02 01:03:20, 3800, 0.00000, 0.00000, 0.00000, 0.00000, 0.00000
1990-07-02 01:05:00, 3900, 0.00000, 0.00000, 0.00000, 0.00000, 0.00000
1990-07-02 01:06:40, 4000, 0.00000, 0.00000, 0.00000, 0.00000, 0.00000
1990-07-02 01:08:20, 4100, 0.00000, 0.00000, 0.00000, 0.00000, 0.00000
1990-07-02 01:10:00, 4200, 0.00000, 0.00000, 0.00000, 0.00000, 0.00000
1990-07-02 01:11:40, 4300, 0.00000, 0.00000, 0.00000, 0.00000, 0.00000
1990-07-02 01:13:20, 4400, 0.00000, 0.00000, 0.00000, 0.00000, 0.00000
1990-07-02 01:15:00, 4500, 0.00000, 0.00000, 0.00000, 0.00000, 0.00000
1990-07-02 01:16:40, 4600, 0.00000, 0.00000, 0.00000, 0.00000, 0.00000
1990-07-02 01:18:20, 4700, 0.00000, 0.00000, 0.00000, 0.00000, 0.00000
1990-07-02 01:20:00, 4800, 0.00000, 0.00000, 0.00000, 0.00000, 0.00000
1990-07-02 01:21:40, 4900, 0.00000, 0.00000, 0.00000, 0.00000, 0.00000
1990-07-02 01:23:20, 5000, 0.00000, 0.00000, 0.00000, 0.00000, 0.00000
1990-07-02 01:25:00, 5100, 0.00000, 0.00000, 0.00000, 0.00000, 0.00000
1990-07-02 01:26:40, 5200, 0.00000, 0.00000, 0.00000, 0.00000, 0.00000
1990-07-02 01:28:20, 5300, 0.00000, 0.00000, 0.00000, 0.00000, 0.00000
1990-07-02 01:30:00, 5400, 0.00000, 0.00000, 0.00000, 0.00000, 0.00000
1990-07-02 01:31:40, 5500, 0.00000, 0.00000, 0.00000, 0.00000, 0.00000
1990-07-02 01:33:20, 5600, 0.00000, 0.00000, 0.00000, 0.00000, 0.00000
1990-07-02 01:35:00, 5700, 0.00000, 0.00000, 0.00000, 0.00000, 0.00000
1990-07-02 01:36:40, 5800, 0.00000, 0.00000, 0.00000, 0.00000, 0.00000
1990-07-02 01:38:20, 5900, 0.00000, 0.00000, 0.00000, 0.00000, 0.00000
1990-07-02 01:40:00, 6000, 0.00000, 0.00000, 0.00000, 0.00000, 0.00000
1990-07-02 01:41:40, 6100, 0.00000, 0.00000, 0.00000, 0.00000, 0.00000
1990-07-02 01:43:20, 6200, 0.00000, 0.00000, 0.00000, 0.00000, 0.00000
1990-07-02 01:45:00, 6300, 0.00000, 0.00000, 0.00000, 0.00000, 0.00000
1990-07-02 01:46:40, 6400, 0.00000, 0.00000, 0.00000, 0.00000, 0.00000
1990-07-02 01:48:20, 6500, 0.00000, 0.00000, 0.00000, 0.00000, 0.00000
1990-07-02 01:50:00, 6600, 0.00000, 0.00000, 0.00000, 0.00000, 0.00000
1990-07-02 01:51:40, 6700, 0.00000, 0.00000, 0.00000, 0.00000, 0.00000
1990-07-02 01:53:20, 6800, 0.00000, 0.00000, 0.00000, 0.00000, 0.00000
1990-07-02 01:55:00, 6900, 0.00000, 0.00000, 0.00000, 0.00000, 0.00000
1990-07-02 01:56:40, 7000, 0.00000, 0.00000, 0.00000, 0.00000, 0.00000
1990-07-02 01:58:20, 7100, 0.00000, 0.00000, 0.00000, 0.00000, 0.00000
1990-07-02 02:00:00, 7200, 0.00000, 0.00000, 0.00000, 0.00000, 0.00000
1990-07-02 02:01:40, 7300, 0.00000, 0.00000, 0.00000, 0.00000, 0.00000
1990-07-02 02:03:20, 7400, 0.00000, 0.00000, 0.00000, 0.00000, 0.00000
1990-07-02 02:05:00, 7500, 0.00000, 0.00000, 0.00000, 0.00000, 0.00000
1990-07-02 02:06:40, 7600, 0.00000, 0.00000, 0.00000, 0.00000, 0.00000
1990-07-02 02:08:20, 7700, 0.00000, 0.00000, 0.00000, 0.00000, 0.00000
1990-07-02 02:10:00, 7800, 0.00000, 0.00000, 0.00000, 0.00000, 0.00000
1990-07-02 02:11:40, 7900, 0.00000, 0.00000, 0.00000, 0.00000, 0.00000
1990-07-02 02:13:20, 8000, 0.00000, 0.00000, 0.00000, 0.00000, 0.00000
1990-07-02 02:15:00, 8100, 0.00000, 0.00000, 0.00000, 0.00000, 0.00000
1990-07-02 02:16:40, 8200, 0.00000, 0.00000, 0.00000, 0.00000, 0.00000
1990-07-02 02:18:20, 8300, 0.00000, 0.00000, 0.00000, 0.00000, 0.00000
1990-07-02 02:20:00, 8400, 0.00000, 0.00000, 0.00000, 0.00000, 0.00000
1990-07-02 02:21:40, 8500, 0.00000, 0.00000, 0.00000, 0.00000, 0.00000
1990-07-02 02:23:20, 8600, 0.00000, 0.00000, 0.00000, 0.00000, 0.00000
1990-07-02 02:25:00, 8700, 0.00000, 0.00000, 0.00000, 0.00000, 0.00000
1990-07-02 02:26:40, 8800, 0.00000, 0.00000, 0.00000, 0.00000, 0.00000
1990-07-02 02:28:20, 8900, 0.00000, 0.00000, 0.00000, 0.00000, 0.00000
1990-07-02 02:30:00, 9000, 0.00000, 0.00000, 0.00000, 0.00000, 0.00000
1990-07-02 02:31:40, 9100, 0.00000, 0.00000, 0.00000, 0.00000, 0.00000
1990-07-02 02:33:20, 9200, 0.00000, 0.00000, 0.00000, 0.00000, 0.00000
1990-07-02 02:35:00, 9300, 0.00000, 0.00000, 0.00000, 0.00000, 0.00000
1990-07-02 02:36:40, 9400, 0.00000, 0.00000, 0.00000, 0.00000, 0.00000
1990-07-02 02:38:20, 9500, 0.00000, 0.00000, 0.00000, 0.00000, 0.00000
1990-07-02 02:40:00, 9600, 0.00000, 0.00000, 0.00000, 0.00000, 0.00000
1990-07-02 02:41:40, 9700, 0.00000, 0.00000, 0.00000, 0.00000, 0.00000
1990-07-02 02:43:20, 9800, 0.00000, 0.00000, 0.00000, 0.00000, 0.00000
1990-07-02 02:45:00, 9900, 0.00000, 0.00000, 0.00000, 0.00000, 0.00000
1990-07-02 02:46:40, 10000, 0.00000, 0.00000, 0.00000, 0.00000, 0.00000
1990-07-02 02:48:20, 10100, 0.00000, 0.00000, 0.00000, 0.00000, 0.00000
1990-07-02 02:50:00, 10200, 0.00000, 0.00000, 0.00000, 0.00000, 0.00000
1990-07-02 02:51:40, 10300, 0.00000, 0.00000, 0.00000, 0.00000, 0.00000
1990-07-02 02:53:20, 10400, 0.00000, 0.00000, 0.00000, 0.00000, 0.00000
1990-07-02 02:55:00, 10500, 0.00000, 0.00000, 0.00000, 0.00000, 0.00000
1990-07-02 02:56:40, 10600, 0.00000, 0.00000, 0.00000, 0.00000, 0.00000
1990-07-02 02:58:20, 10700, 0.00000, 0.00000, 0.00000, 0.00000, 0.00000
1990-07-02 03:00:00, 10800, 0.00000, 0.00000, 0.00000, 0.00000, 0.00000
1990-07-02 03:01:40, 10900, 0.00000, 0.00000, 0.00000, 0.00000, 0.00000
1990-07-02 03:03:20, 11000, 0.00000, 0.00000, 0.00000, 0.00000, 0.00000
1990-07-02 03:05:00, 11100, 0.00000, 0.00000, 0.00000, 0.00000, 0.00000
1990-07-02 03:06:40, 11200, 0.00000, 0.00000, 0.00000, 0.00000, 0.00000
1990-07-02 03:08:20, 11300, 0.00000, 0.00000, 0.00000, 0.00000, 0.00000
1990-07-02 03:10:00, 11400, 0.00000, 0.00000, 0.00000, 0.00000, 0.00000
1990-07-02 03:11:40, 11500, 0.00000, 0.00000, 0.00000, 0.00000, 0.00000
1990-07-02 03:13:20, 11600, 0.00000, 0.00000, 0.00000, 0.00000, 0.00000
1990-07-02 03:15:00, 11700, 0.00000, 0.00000, 0.00000, 0.00000, 0.00000
1990-07-02 03:16:40, 11800, 0.00000, 0.00000, 0.00000, 0.00000, 0.00000
1990-07-02 03:18:20, 11900, 0.00000, 0.00000, 0.00000, 0.00000, 0.00000
1990-07-02 03:20:00, 12000, 0.00000, 0.00000, 0.00000, 0.00000, 0.00000
1990-07-02 03:21:40, 12100, 0.00000, 0.00000, 0.00000, 0.00000, 0.00000
1990-07-02 03:23:20, 12200, 0.00000, 0.00000, 0.00000, 0.00000, 0.00000
1990-07-02 03:25:00, 12300, 0.00000, 0.00000, 0.00000, 0.00000, 0.00000
1990-07-02 03:26:40, 12400, 0.00000, 0.00000, 0.00000, 0.00000, 0.00000
1990-07-02 03:28:20, 12500, 0.00000, 0.00000, 0.00000, 0.00000, 0.00000
1990-07-02 03:30:00, 12600, 0.00000, 0.00000, 0.00000, 0.00000, 0.00000
1990-07-02 03:31:40, 12700, 0.00000, 0.00000, 0.00000, 0.00000, 0.00000
1990-07-02 03:33:20, 12800, 0.00000, 0.00000, 0.00000, 0.00000, 0.00000
1990-07-02 03:35:00, 12900, 0.00000, 0.00000, 0.00000, 0.00000, 0.00000
1990-07-02 03:36:40, 13000, 0.00000, 0.00000, 0.00000, 0.00000, 0.00000
1990-07-02 03:38:20, 13100, 0.00000, 0.00000, 0.00000, 0.00000, 0.00000
1990-07-02 03:40:00, 13200, 0.00000, 0.00000, 0.00000, 0.00000, 0.00000
1990-07-02 03:41:40, 13300, 0.00000, 0.00000, 0.00000, 0.00000, 0.00000
1990-07-02 03:43:20, 13400, 0.00000, 0.00000, 0.00000, 0.00000, 0.00000
1990-07-02 03:45:00, 13500, 0.00000, 0.00000, 0.00000, 0.00000, 0.00000
1990-07-02 03:46:40, 13600, 0.00000, 0.00000, 0.00000, 0.00000, 0.00000
1990-07-02 03:48:20, 13700, 0.00000, 0.00000, 0.00000, 0.00000, 0.00000
1990-07-02 03:50:00, 13800, 0.00000, 0.00000, 0.00000, 0.00000, 0.00000
1990-07-02 03:51:40, 13900, 0.00000, 0.00000, 0.00000, 0.00000, 0.00000
1990-07-02 03:53:20, 14000, 0.00000, 0.00000, 0.00000, 0.00000, 0.00000
1990-07-02 03:55:00, 14100, 0.00000, 0.00000, 0.00000, 0.00000, 0.00000
1990-07-02 03:56:40, 14200, 0.00000, 0.00000, 0.00000, 0.00000, 0.00000
1990-07-02 03:58:20, 14300, 0.00000, 0.00000, 0.00000, 0.00000, 0.00000
1990-07-02 04:00:00, 14400, 0.00000, 0.00000, 0.00000, 0.00000, 0.00000
1990-07-02 04:01:40, 14500, 0.00000, 0.00000, 0.00000, 0.00000, 0.00000
1990-07-02 04:03:20, 14600, 0.00000, 0.00000, 0.00000, 0.00000, 0.00000
1990-07-02 04:05:00, 14700, 0.00000, 0.00000, 0.00000, 0.00000, 0.00000
1990-07-02 04:06:40, 14800, 0.00000, 0.00000, 0.00000, 0.00000, 0.00000
1990-07-02 04:08:20, 14900, 0.00000, 0.00000, 0.00000, 0.00000, 0.00000
1990-07-02 04:10:00, 15000, 0.00000, 0.00000, 0.00000, 0.00000, 0.00000
1990-07-02 04:11:40, 15100, 0.00000, 0.00000, 0.00000, 0.00000, 0.00000
1990-07-02 04:13:20, 15200, 0.00000, 0.00000, 0.00000, 0.00000, 0.00000
1990-07-02 04:15:00, 15300, 0.00000, 0.00000, 0.00000, 0.00000, 0.00000
1990-07-02 04:16:40, 15400, 0.00000, 0.00000, 0.00000, 0.00000, 0.00000
1990-07-02 04:18:20, 15500, 0.00000, 0.00000, 0.00000, 0.00000, 0.00000
1990-07-02 04:20:00, 15600, 0.00000, 0.00000, 0.00000, 0.00000, 0.00000
1990-07-02 04:21:40, 15700, 0.00000, 0.00000, 0.00000, 0.00000, 0.00000
1990-07-02 04:23:20, 15800, 0.00000, 0.00000, 0.00000, 0.00000, 0.00000
1990-07-02 04:25:00, 15900, 0.00000, 0.00000, 0.00000, 0.00000, 0.00000
1990-07-02 04:26:40, 16000, 0.00000, 0.00000, 0.00000, 0.00000, 0.00000
1990-07-02 04:28:20, 16100, 0.00000, 0.00000, 0.00000, 0.00000, 0.00000
1990-07-02 04:30:00, 16200, 0.00000, 0.00000, 0.00000, 0.00000, 0.00000
1990-07-02 04:31:40, 16300, 0.00000, 0.00000, 0.00000, 0.00000, 0.00000
1990-07-02 04:33:20, 16400, 0.00000, 0.00000, 0.00000, 0.00000, 0.00000
1990-07-02 04:35:00, 16500, 0.00000, 0.00000, 0.00000, 0.00000, 0.00000
1990-07-02 04:36:40, 16600, 0.00000, 0.00000, 0.00000, 0.00000, 0.00000
1990-07-02 04:38:20, 16700, 0.00000, 0.00000, 0.00000, 0.00000, 0.00000
1990-07-02 04:40:00, 16800, 0.00000, 0.00000, 0.00000, 0.00000, 0.00000
1990-07-02 04:41:40, 16900, 0.00000, 0.00000, 0.00000, 0.00000, 0.00000
1990-07-02 04:43:20, 17000, 0.00000, 0.00000, 0.00000, 0.00000, 0.00000
1990-07-02 04:45:00, 17100, 0.00000, 0.00000, 0.00000, 0.00000, 0.00000
1990-07-02 04:46:40, 17200, 0.00000, 0.00000, 0.00000, 0.00000, 0.00000
1990-07-02 04:48:20, 17300, 0.00000, 0.00000, 0.00000, 0.00000, 0.00000
1990-07-02 04:50:00, 17400, 0.00000, 0.00000, 0.00000, 0.00000, 0.00000
1990-07-02 04:51:40, 17500, 0.00000, 0.00000, 0.00000, 0.00000, 0.00000
1990-07-02 04:53:20, 17600, 0.00000, 0.00000, 0.00000, 0.00000, 0.00000
1990-07-02 04:55:00, 17700, 0.00000, 0.00000, 0.00000, 0.00000, 0.00000
1990-07-02 04:56:40, 17800, 0.00000, 0.00000, 0.00000, 0.00000, 0.00000
1990-07-02 04:58:20, 17900, 0.00000, 0.00000, 0.00000, 0.00000, 0.00000
1990-07-02 05:00:00, 18000, 0.00000, 0.00000, 0.00000, 0.00000, 0.00000
1990-07-02 05:01:40, 18100, 0.00000, 0.00000, 0.00000, 0.00000, 0.00000
1990-07-02 05:03:20, 18200, 0.00000, 0.00000, 0.00000, 0.00000, 0.00000
1990-07-02 05:05:00, 18300, 0.00000, 0.00000, 0.00000, 0.00000, 0.00000
1990-07-02 05:06:40, 18400, 0.00000, 0.00000, 0.00000, 0.00000, 0.00000
1990-07-02 05:08:20, 18500, 0.00000, 0.00000, 0.00000, 0.00000, 0.00000
1990-07-02 05:10:00, 18600, 0.00000, 0.00000, 0.00000, 0.00000, 0.00000
1990-07-02 05:11:40, 18700, 0.00000, 0.00000, 0.00000, 0.00000, 0.00000
1990-07-02 05:13:20, 18800, 0.00000, 0.00000, 0.00000, 0.00000, 0.00000
1990-07-02 05:15:00, 18900, 0.00000, 0.00000, 0.00000, 0.00000, 0.00000
1990-07-02 05:16:40, 19000, 0.00000, 0.00000, 0.00000, 0.00000, 0.00000
1990-07-02 05:18:20, 19100, 0.00000, 0.00000, 0.00000, 0.00000, 0.00000
1990-07-02 05:20:00, 19200, 0.00000, 0.00000, 0.00000, 0.00000, 0.00000
1990-07-02 05:21:40, 19300, 0.00000, 0.00000, 0.00000, 0.00000, 0.00000
1990-07-02 05:23:20, 19400, 0.00000, 0.00000, 0.00000, 0.00000, 0.00000
1990-07-02 05:25:00, 19500, 0.00000, 0.00000, 0.00000, 0.00000, 0.00000
1990-07-02 05:26:40, 19600, 0.00000, 0.00000, 0.00000, 0.00000, 0.00000
1990-07-02 05:28:20, 19700, 0.00000, 0.00000, 0.00000, 0.00000, 0.00000
1990-07-02 05:30:00, 19800, 0.00000, 0.00000, 0.00000, 0.00000, 0.00000
1990-07-02 05:31:40, 19900, 0.00000, 0.00000, 0.00000, 0.00000, 0.00000
1990-07-02 05:33:20, 20000, 0.00000, 0.00000, 0.00000, 0.00000, 0.00000
1990-07-02 05:35:00, 20100, 0.00000, 0.00000, 0.00000, 0.00000, 0.00000
1990-07-02 05:36:40, 20200, 0.00000, 0.00000, 0.00000, 0.00000, 0.00000
1990-07-02 05:38:20, 20300, 0.00000, 0.00000, 0.00000, 0.00000, 0.00000
1990-07-02 05:40:00, 20400, 0.00000, 0.00000, 0.00000, 0.00000, 0.00000
1990-07-02 05:41:40, 20500, 0.00000, 0.00000, 0.00000, 0.00000, 0.00000
1990-07-02 05:43:20, 20600, 0.00000, 0.00000, 0.00000, 0.00000, 0.00000
1990-07-02 05:45:00, 20700, 0.00000, 0.00000, 0.00000, 0.00000, 0.00000
1990-07-02 05:46:40, 20800, 0.00000, 0.00000, 0.00000, 0.00000, 0.00000
1990-07-02 05:48:20, 20900, 0.00000, 0.00000, 0.00000, 0.00000, 0.00000
1990-07-02 05:50:00, 21000, 0.00000, 0.00000, 0.00000, 0.00000, 0.00000
1990-07-02 05:51:40, 21100, 0.00000, 0.00000, 0.00000, 0.00000, 0.00000
1990-07-02 05:53:20, 21200, 0.00000, 0.00000, 0.00000, 0.00000, 0.00000
1990-07-02 05:55:00, 21300, 0.00000, 0.00000, 0.00000, 0.00000, 0.00000
1990-07-02 05:56:40, 21400, 0.00000, 0.00000, 0.00000, 0.00000, 0.00000
1990-07-02 05:58:20, 21500, 0.00000, 0.00000, 0.00000, 0.00000, 0.00000
1990-07-02 06:00:00, 21600, 0.00000, 0.00000, 0.00000, 0.00000, 0.00000
1990-07-02 06:01:40, 21700, 0.00000, 0.00000, 0.00000, 0.00000, 0.00000
1990-07-02 06:03:20, 21800, 0.00000, 0.00000, 0.00000, 0.00000, 0.00000
1990-07-02 06:05:00, 21900, 0.00000, 0.00000, 0.00000, 0.00000, 0.00000
1990-07-02 06:06:40, 22000, 0.00000, 0.00000, 0.00000, 0.00000, 0.00000
1990-07-02 06:08:20, 22100, 0.00000, 0.00000, 0.00000, 0.00000, 0.00000
1990-07-02 06:10:00, 22200, 0.00000, 0.00000, 0.00000, 0.00000, 0.00000
1990-07-02 06:11:40, 22300, 0.00000, 0.00000, 0.00000, 0.00000, 0.00000
1990-07-02 06:13:20, 22400, 0.00000, 0.00000, 0.00000, 0.00000, 0.00000
1990-07-02 06:15:00, 22500, 0.00000, 0.00000, 0.00000, 0.00000, 0.00000
1990-07-02 06:16:40, 22600, 0.00000, 0.00000, 0.00000, 0.00000, 0.00000
1990-07-02 06:18:20, 22700, 0.00000, 0.00000, 0.00000, 0.00000, 0.00000
1990-07-02 06:20:00, 22800, 0.00000, 0.00000, 0.00000, 0.00000, 0.00000
1990-07-02 06:21:40, 22900, 0.00000, 0.00000, 0.00000, 0.00000, 0.00000
1990-07-02 06:23:20, 23000, 0.00000, 0.00000, 0.00000, 0.00000, 0.00000
1990-07-02 06:25:00, 23100, 0.00000, 0.00000, 0.00000, 0.00000, 0.00000
1990-07-02 06:26:40, 23200, 0.00000, 0.00000, 0.00000, 0.00000, 0.00000
1990-07-02 06:28:20, 23300, 0.00000, 0.00000, 0.00000, 0.00000, 0.00000
1990-07-02 06:30:00, 23400, 0.00000, 0.00000, 0.00000, 0.00000, 0.00000
1990-07-02 06:31:40, 23500, 0.00000, 0.00000, 0.00000, 0.00000, 0.00000
1990-07-02 06:33:20, 23600, 0.00000, 0.00000, 0.00000, 0.00000, 0.00000
1990-07-02 06:35:00, 23700, 0.00000, 0.00000, 0.00000, 0.00000, 0.00000
1990-07-02 06:36:40, 23800, 0.00000, 0.00000, 0.00000, 0.00000, 0.00000
1990-07-02 06:38:20, 23900, 0.00000, 0.00000, 0.00000, 0.00000, 0.00000
1990-07-02 06:40:00, 24000, 0.00000, 0.00000, 0.00000, 0.00000, 0.00000
1990-07-02 06:41:40, 24100, 0.00000, 0.00000, 0.00000, 0.00000, 0.00000
1990-07-02 06:43:20, 24200, 0.00000, 0.00000, 0.00000, 0.00000, 0.00000
1990-07-02 06:45:00, 24300, 0.00000, 0.00000, 0.00000, 0.00000, 0.00000
1990-07-02 06:46:40, 24400, 0.00000, 0.00000, 0.00000, 0.00000, 0.00000
1990-07-02 06:48:20, 24500, 0.00000, 0.00000, 0.00000, 0.00000, 0.00000
1990-07-02 06:50:00, 24600, 0.00000, 0.00000, 0.00000, 0.00000, 0.00000
1990-07-02 06:51:40, 24700, 0.00000, 0.00000, 0.00000, 0.00000, 0.00000
1990-07-02 06:53:20, 24800, 0.00000, 0.00000, 0.00000, 0.00000, 0.00000
1990-07-02 06:55:00, 24900, 0.00000, 0.00000, 0.00000, 0.00000, 0.00000
1990-07-02 06:56:40, 25000, 0.00000, 0.00000, 0.00000, 0.00000, 0.00000
1990-07-02 06:58:20, 25100, 0.00000, 0.00000, 0.00000, 0.00000, 0.00000
1990-07-02 07:00:00, 25200, 0.00000, 0.00000, 0.00000, 0.00000, 0.00000
1990-07-02 07:01:40, 25300, 0.00000, 0.00000, 0.00000, 0.00000, 0.00000
1990-07-02 07:03:20, 25400, 0.00000, 0.00000, 0.00000, 0.00000, 0.00000
1990-07-02 07:05:00, 25500, 0.00000, 0.00000, 0.00000, 0.00000, 0.00000
1990-07-02 07:06:40, 25600, 0.00000, 0.00000, 0.00000, 0.00000, 0.00000
1990-07-02 07:08:20, 25700, 0.00000, 0.00000, 0.00000, 0.00000, 0.00000
1990-07-02 07:10:00, 25800, 0.00000, 0.00000, 0.00000, 0.00000, 0.00000
1990-07-02 07:11:40, 25900, 0.00000, 0.00000, 0.00000, 0.00000, 0.00000
1990-07-02 07:13:20, 26000, 0.00000, 0.00000, 0.00000, 0.00000, 0.00000
1990-07-02 07:15:00, 26100, 0.00000, 0.00000, 0.00000, 0.00000, 0.00000
1990-07-02 07:16:40, 26200, 0.00000, 0.00000, 0.00000, 0.00000, 0.00000
1990-07-02 07:18:20, 26300, 0.00000, 0.00000, 0.00000, 0.00000, 0.00000
1990-07-02 07:20:00, 26400, 0.00000, 0.00000, 0.00000, 0.00000, 0.00000
1990-07-02 07:21:40, 26500, 0.00000, 0.00000, 0.00000, 0.00000, 0.00000
1990-07-02 07:23:20, 26600, 0.00000, 0.00000, 0.00000, 0.00000, 0.00000
1990-07-02 07:25:00, 26700, 0.00000, 0.00000, 0.00000, 0.00000, 0.00000
1990-07-02 07:26:40, 26800, 0.00000, 0.00000, 0.00000, 0.00000, 0.00000
1990-07-02 07:28:20, 26900, 0.00000, 0.00000, 0.00000, 0.00000, 0.00000
1990-07-02 07:30:00, 27000, 0.00000, 0.00000, 0.00000, 0.00000, 0.00000
1990-07-02 07:31:40, 27100, 0.00000, 0.00000, 0.00000, 0.00000, 0.00000
1990-07-02 07:33:20, 27200, 0.00000, 0.00000, 0.00000, 0.00000, 0.00000
1990-07-02 07:35:00, 27300, 0.00000, 0.00000, 0.00000, 0.00000, 0.00000
1990-07-02 07:36:40, 27400, 0.00000, 0.00000, 0.00000, 0.00000, 0.00000
1990-07-02 07:38:20, 27500, 0.00000, 0.00000, 0.00000, 0.00000, 0.00000
1990-07-02 07:40:00, 27600, 0.00000, 0.00000, 0.00000, 0.00000, 0.00000
1990-07-02 07:41:40, 27700, 0.00000, 0.00000, 0.00000, 0.00000, 0.00000
1990-07-02 07:43:20, 27800, 0.00000, 0.00000, 0.00000, 0.00000, 0.00000
1990-07-02 07:45:00, 27900, 0.00000, 0.00000, 0.00000, 0.00000, 0.00000
1990-07-02 07:46:40, 28000, 0.00000, 0.00000, 0.00000, 0.00000, 0.00000
1990-07-02 07:48:20, 28100, 0.00000, 0.00000, 0.00000, 0.00000, 0.00000
1990-07-02 07:50:00, 28200, 0.00000, 0.00000, 0.00000, 0.00000, 0.00000
1990-07-02 07:51:40, 28300, 0.00000, 0.00000, 0.00000, 0.00000, 0.00000
1990-07-02 07:53:20, 28400, 0.00000, 0.00000, 0.00000, 0.00000, 0.00000
1990-07-02 07:55:00, 28500, 0.00000, 0.00000, 0.00000, 0.00000, 0.00000
1990-07-02 07:56:40, 28600, 0.00000, 0.00000, 0.00000, 0.00000, 0.00000
1990-07-02 07:58:20, 28700, 0.00000, 0.00000, 0.00000, 0.00000, 0.00000
1990-07-02 08:00:00, 28800, 0.00000, 0.00000, 0.00000, 0.00000, 0.00000
1990-07-02 08:01:40, 28900, 0.00000, 0.00000, 0.00000, 0.00000, 0.00000
1990-07-02 08:03:20, 29000, 0.00000, 0.00000, 0.00000, 0.00000, 0.00000
1990-07-02 08:05:00, 29100, 0.00000, 0.00000, 0.00000, 0.00000, 0.00000
1990-07-02 08:06:40, 29200, 0.00000, 0.00000, 0.00000, 0.00000, 0.00000
1990-07-02 08:08:20, 29300, 0.00000, 0.00000, 0.00000, 0.00000, 0.00000
1990-07-02 08:10:00, 29400, 0.00000, 0.00000, 0.00000, 0.00000, 0.00000
1990-07-02 08:11:40, 29500, 0.00000, 0.00000, 0.00000, 0.00000, 0.00000
1990-07-02 08:13:20, 29600, 0.00000, 0.00000, 0.00000, 0.00000, 0.00000
1990-07-02 08:15:00, 29700, 0.00000, 0.00000, 0.00000, 0.00000, 0.00000
1990-07-02 08:16:40, 29800, 0.00000, 0.00000, 0.00000, 0.00000, 0.00000
1990-07-02 08:18:20, 29900, 143.71000, 15.06000, 33.37000, 0.10479, 0.23220
1990-07-02 08:20:00, 30000, 36.48000, 3.68400, 8.49000, 0.10099, 0.23273
1990-07-02 08:21:40, 30100, 25.14000, 2.50400, 5.84700, 0.09960, 0.23258
1990-07-02 08:23:20, 30200, 23.97000, 2.35300, 5.57000, 0.09816, 0.23237
1990-07-02 08:25:00, 30300, 23.08000, 2.23600, 5.35800, 0.09688, 0.23215
1990-07-02 08:26:40, 30400, 27.73000, 2.66000, 6.43500, 0.09592, 0.23206
1990-07-02 08:28:20, 30500, 26.26000, 2.49800, 6.09800, 0.09513, 0.23222
1990-07-02 08:30:00, 30600, 21.64000, 2.04900, 5.02200, 0.09469, 0.23207
1990-07-02 08:31:40, 30700, 18.67000, 1.76200, 4.31700, 0.09438, 0.23123
1990-07-02 08:33:20, 30800, 16.07000, 1.51200, 3.69800, 0.09409, 0.23012
1990-07-02 08:35:00, 30900, 13.78000, 1.29000, 3.15100, 0.09361, 0.22866
1990-07-02 08:36:40, 31000, 11.91000, 1.11100, 2.70800, 0.09328, 0.22737
1990-07-02 08:38:20, 31100, 10.63000, 0.98800, 2.40400, 0.09294, 0.22615
1990-07-02 08:40:00, 31200, 10.33000, 0.95700, 2.32800, 0.09264, 0.22536
1990-07-02 08:41:40, 31300, 10.23000, 0.94300, 2.29200, 0.09218, 0.22405
1990-07-02 08:43:20, 31400, 9.47000, 0.86700, 2.11200, 0.09155, 0.22302
1990-07-02 08:45:00, 31500, 8.48000, 0.77500, 1.88000, 0.09139, 0.22170
1990-07-02 08:46:40, 31600, 7.56000, 0.69000, 1.68000, 0.09127, 0.22222
1990-07-02 08:48:20, 31700, 6.75000, 0.61500, 1.50000, 0.09111, 0.22222
1990-07-02 08:50:00, 31800, 164.72000, 17.52300, 38.26000, 0.10638, 0.23227
1990-07-02 08:51:40, 31900, 145.14000, 14.50100, 34.39000, 0.09991, 0.23694
1990-07-02 08:53:20, 32000, 38.26000, 3.80900, 9.09000, 0.09956, 0.23758
1990-07-02 08:55:00, 32100, 29.67000, 3.02500, 7.02000, 0.10195, 0.23660
1990-07-02 08:56:40, 32200, 27.28000, 2.88500, 6.43000, 0.10576, 0.23570
1990-07-02 08:58:20, 32300, 48.80000, 5.39300, 11.44000, 0.11051, 0.23443
1990-07-02 09:00:00, 32400, 147.54000, 15.79000, 34.53000, 0.10702, 0.23404
1990-07-02 09:01:40, 32500, 68.20000, 7.02000, 15.80000, 0.10293, 0.23167
1990-07-02 09:03:20, 32600, 34.70000, 3.66000, 7.94000, 0.10548, 0.22882
1990-07-02 09:05:00, 32700, 34.40000, 3.64000, 7.78000, 0.10581, 0.22616
1990-07-02 09:06:40, 32800, 29.00000, 3.07000, 6.54000, 0.10586, 0.22552
1990-07-02 09:08:20, 32900, 18.90000, 1.97000, 4.24000, 0.10423, 0.22434
1990-07-02 09:10:00, 33000, 6.40000, 0.67000, 1.42000, 0.10469, 0.22187
1990-07-02 09:11:40, 33100, 0.20000, 0.01000, 0.04000, 0.05000, 0.20000
1990-07-02 09:13:20, 33200, 0.10000, 0.01000, 0.01000, 0.10000, 0.10000
1990-07-02 09:15:00, 33300, 0.00000, 0.01000, 0.01000, 0.00000, 0.00000
1990-07-02 09:16:40, 33400, 0.10000, 0.00000, 0.01000, 0.00000, 0.10000
1990-07-02 09:18:20, 33500, 0.00000, 0.00000, 0.01000, 0.00000, 0.00000
1990-07-02 09:20:00, 33600, 0.10000, 0.01000, 0.02000, 0.10000, 0.20000
1990-07-02 09:21:40, 33700, 0.80000, 0.07000, 0.14000, 0.08750, 0.17500
1990-07-02 09:23:20, 33800, 27.10000, 2.69000, 5.74000, 0.09926, 0.21181
1990-07-02 09:25:00, 33900, 482.40000, 36.22000, 113.37000, 0.07508, 0.23501
1990-07-02 09:26:40, 34000, 1048.60000, 77.07000, 249.20000, 0.07350, 0.23765
1990-07-02 09:28:20, 34100, 698.20000, 51.06000, 164.71000, 0.07313, 0.23591
1990-07-02 09:30:00, 34200, 227.00000, 16.29000, 51.87000, 0.07176, 0.22850
1990-07-02 09:31:40, 34300, 117.80000, 8.30000, 26.10000, 0.07046, 0.22156
1990-07-02 09:33:20, 34400, 82.90000, 5.81000, 18.13000, 0.07008, 0.21870
1990-07-02 09:35:00, 34500, 69.20000, 4.83000, 15.10000, 0.06980, 0.21821
1990-07-02 09:36:40, 34600, 58.20000, 4.08000, 12.68000, 0.07010, 0.21787
1990-07-02 09:38:20, 34700, 49.80000, 3.47000, 10.81000, 0.06968, 0.21707
1990-07-02 09:40:00, 34800, 45.20000, 3.14000, 9.71000, 0.06947, 0.21482
1990-07-02 09:41:40, 34900, 45.20000, 3.12000, 9.59000, 0.06903, 0.21217
1990-07-02 09:43:20, 35000, 49.20000, 3.37000, 10.32000, 0.06850, 0.20976
1990-07-02 09:45:00, 35100, 56.40000, 3.84000, 11.69000, 0.06809, 0.20727
1990-07-02 09:46:40, 35200, 87.80000, 5.89000, 17.70000, 0.06708, 0.20159
1990-07-02 09:48:20, 35300, 72.80000, 4.80000, 14.10000, 0.06593, 0.19368
1990-07-02 09:50:00, 35400, 63.90000, 4.13000, 12.00000, 0.06463, 0.18779
1990-07-02 09:51:40, 35500, 57.50000, 3.67000, 10.50000, 0.06383, 0.18261
1990-07-02 09:53:20, 35600, 52.90000, 3.36000, 9.50000, 0.06352, 0.17958
1990-07-02 09:55:00, 35700, 50.20000, 3.18000, 9.00000, 0.06335, 0.17928
1990-07-02 09:56:40, 35800, 48.60000, 3.06000, 8.60000, 0.06296, 0.17695
1990-07-02 09:58:20, 35900, 47.20000, 2.95000, 8.20000, 0.06250, 0.17373
1990-07-02 10:00:00, 36000, 46.20000, 2.86000, 7.80000, 0.06190, 0.16883
1990-07-02 10:01:40, 36100, 45.60000, 2.80000, 7.60000, 0.06140, 0.16667
1990-07-02 10:03:20, 36200, 47.70000, 2.89000, 7.80000, 0.06059, 0.16352
1990-07-02 10:05:00, 36300, 56.20000, 3.37000, 8.90000, 0.05996, 0.15836
1990-07-02 10:06:40, 36400, 59.50000, 3.54000, 9.10000, 0.05950, 0.15294
1990-07-02 10:08:20, 36500, 61.40000, 3.60000, 9.20000, 0.05863, 0.14984
1990-07-02 10:10:00, 36600, 61.90000, 3.60000, 9.00000, 0.05816, 0.14540
1990-07-02 10:11:40, 36700, 84.80000, 4.88000, 12.00000, 0.05755, 0.14151
1990-07-02 10:13:20, 36800, 80.20000, 4.60000, 11.30000, 0.05736, 0.14090
1990-07-02 10:15:00, 36900, 71.10000, 4.08000, 9.90000, 0.05738, 0.13924
1990-07-02 10:16:40, 37000, 65.30000, 3.69000, 8.80000, 0.05651, 0.13476
1990-07-02 10:18:20, 37100, 66.90000, 3.75000, 8.70000, 0.05605, 0.13004
1990-07-02 10:20:00, 37200, 67.70000, 3.75000, 8.60000, 0.05539, 0.12703
1990-07-02 10:21:40, 37300, 69.80000, 3.84000, 8.60000, 0.05501, 0.12321
1990-07-02 10:23:20, 37400, 79.20000, 4.34000, 9.60000, 0.05480, 0.12121
1990-07-02 10:25:00, 37500, 79.30000, 4.35000, 9.60000, 0.05485, 0.12106
1990-07-02 10:26:40, 37600, 98.90000, 5.44000, 12.10000, 0.05501, 0.12235
1990-07-02 10:28:20, 37700, 101.40000, 5.58000, 12.40000, 0.05503, 0.12229
1990-07-02 10:30:00, 37800, 84.40000, 4.61000, 10.00000, 0.05462, 0.11848
1990-07-02 10:31:40, 37900, 78.90000, 4.26000, 9.10000, 0.05399, 0.11534
1990-07-02 10:33:20, 38000, 78.30000, 4.21000, 8.80000, 0.05377, 0.11239
1990-07-02 10:35:00, 38100, 79.70000, 4.28000, 9.00000, 0.05370, 0.11292
1990-07-02 10:36:40, 38200, 81.90000, 4.40000, 9.10000, 0.05372, 0.11111
1990-07-02 10:38:20, 38300, 85.80000, 4.61000, 9.60000, 0.05373, 0.11189
1990-07-02 10:40:00, 38400, 103.10000, 5.54000, 11.50000, 0.05373, 0.11154
1990-07-02 10:41:40, 38500, 92.10000, 4.95000, 10.20000, 0.05375, 0.11075
1990-07-02 10:43:20, 38600, 86.50000, 4.61000, 9.40000, 0.05329, 0.10867
1990-07-02 10:45:00, 38700, 89.60000, 4.76000, 9.50000, 0.05312, 0.10603
1990-07-02 10:46:40, 38800, 101.60000, 5.36000, 10.50000, 0.05276, 0.10335
1990-07-02 10:48:20, 38900, 123.00000, 6.51000, 12.80000, 0.05293, 0.10407
1990-07-02 10:50:00, 39000, 107.80000, 5.72000, 11.30000, 0.05306, 0.10482
1990-07-02 10:51:40, 39100, 96.20000, 5.11000, 10.10000, 0.05312, 0.10499
1990-07-02 10:53:20, 39200, 86.40000, 4.60000, 9.10000, 0.05324, 0.10532
1990-07-02 10:55:00, 39300, 111.90000, 5.97000, 11.80000, 0.05335, 0.10545
1990-07-02 10:56:40, 39400, 108.90000, 5.86000, 11.80000, 0.05381, 0.10836
1990-07-02 10:58:20, 39500, 103.90000, 5.58000, 11.20000, 0.05371, 0.10780
1990-07-02 11:00:00, 39600, 96.60000, 5.17000, 10.20000, 0.05352, 0.10559
1990-07-02 11:01:40, 39700, 88.30000, 4.77000, 9.60000, 0.05402, 0.10872
1990-07-02 11:03:20, 39800, 82.10000, 4.48000, 9.30000, 0.05457, 0.11328
1990-07-02 11:05:00, 39900, 79.80000, 4.38000, 9.10000, 0.05489, 0.11404
1990-07-02 11:06:40, 40000, 80.40000, 4.40000, 9.10000, 0.05473, 0.11318
1990-07-02 11:08:20, 40100, 81.50000, 4.45000, 9.10000, 0.05460, 0.11166
1990-07-02 11:10:00, 40200, 84.00000, 4.54000, 9.10000, 0.05405, 0.10833
1990-07-02 11:11:40, 40300, 91.80000, 4.95000, 9.80000, 0.05392, 0.10675
1990-07-02 11:13:20, 40400, 92.00000, 4.93000, 9.60000, 0.05359, 0.10435
1990-07-02 11:15:00, 40500, 101.30000, 5.37000, 10.10000, 0.05301, 0.09970
1990-07-02 11:16:40, 40600, 103.20000, 5.40000, 9.80000, 0.05233, 0.09496
1990-07-02 11:18:20, 40700, 109.80000, 5.74000, 10.40000, 0.05228, 0.09472
1990-07-02 11:20:00, 40800, 104.40000, 5.46000, 9.80000, 0.05230, 0.09387
1990-07-02 11:21:40, 40900, 94.70000, 4.96000, 8.90000, 0.05238, 0.09398
1990-07-02 11:23:20, 41000, 86.90000, 4.55000, 8.20000, 0.05236, 0.09436
1990-07-02 11:25:00, 41100, 82.00000, 4.30000, 7.70000, 0.05244, 0.09390
1990-07-02 11:26:40, 41200, 82.60000, 4.33000, 7.80000, 0.05242, 0.09443
1990-07-02 11:28:20, 41300, 83.40000, 4.39000, 7.90000, 0.05264, 0.09472
1990-07-02 11:30:00, 41400, 83.60000, 4.43000, 8.10000, 0.05299, 0.09689
1990-07-02 11:31:40, 41500, 81.90000, 4.34000, 8.00000, 0.05299, 0.09768
1990-07-02 11:33:20, 41600, 78.50000, 4.16000, 7.60000, 0.05299, 0.09682
1990-07-02 11:35:00, 41700, 78.90000, 4.16000, 7.50000, 0.05272, 0.09506
1990-07-02 11:36:40, 41800, 82.60000, 4.33000, 7.60000, 0.05242, 0.09201
1990-07-02 11:38:20, 41900, 81.00000, 4.23000, 7.40000, 0.05222, 0.09136
1990-07-02 11:40:00, 42000, 79.60000, 4.15000, 7.10000, 0.05214, 0.08920
1990-07-02 11:41:40, 42100, 77.70000, 4.04000, 6.90000, 0.05199, 0.08880
1990-07-02 11:43:20, 42200, 77.00000, 4.01000, 6.80000, 0.05208, 0.08831
1990-07-02 11:45:00, 42300, 77.00000, 3.97000, 6.70000, 0.05156, 0.08701
1990-07-02 11:46:40, 42400, 78.00000, 4.02000, 6.70000, 0.05154, 0.08590
1990-07-02 11:48:20, 42500, 79.00000, 4.09000, 6.70000, 0.05177, 0.08481
1990-07-02 11:50:00, 42600, 79.00000, 4.04000, 6.60000, 0.05114, 0.08354
1990-07-02 11:51:40, 42700, 78.00000, 4.02000, 6.50000, 0.05154, 0.08333
1990-07-02 11:53:20, 42800, 80.00000, 4.10000, 6.60000, 0.05125, 0.08250
1990-07-02 11:55:00, 42900, 82.00000, 4.23000, 6.70000, 0.05159, 0.08171
1990-07-02 11:56:40, 43000, 84.00000, 4.25000, 6.80000, 0.05060, 0.08095
1990-07-02 11:58:20, 43100, 84.00000, 4.30000, 6.80000, 0.05119, 0.08095
1990-07-02 12:00:00, 43200, 84.00000, 4.32000, 6.80000, 0.05143, 0.08095
1990-07-02 12:01:40, 43300, 80.00000, 4.08000, 6.40000, 0.05100, 0.08000
1990-07-02 12:03:20, 43400, 73.00000, 3.73000, 5.80000, 0.05110, 0.07945
1990-07-02 12:05:00, 43500, 67.00000, 3.45000, 5.30000, 0.05149, 0.07910
1990-07-02 12:06:40, 43600, 64.00000, 3.22000, 4.90000, 0.05031, 0.07656
1990-07-02 12:08:20, 43700, 60.00000, 3.09000, 4.70000, 0.05150, 0.07833
1990-07-02 12:10:00, 43800, 56.00000, 2.84000, 4.40000, 0.05071, 0.07857
1990-07-02 12:11:40, 43900, 52.00000, 2.62000, 4.00000, 0.05038, 0.07692
1990-07-02 12:13:20, 44000, 49.00000, 2.49000, 3.80000, 0.05082, 0.07755
1990-07-02 12:15:00, 44100, 46.00000, 2.35000, 3.60000, 0.05109, 0.07826
1990-07-02 12:16:40, 44200, 41.00000, 2.12000, 3.20000, 0.05171, 0.07805
1990-07-02 12:18:20, 44300, 38.00000, 1.93000, 3.00000, 0.05079, 0.07895
1990-07-02 12:20:00, 44400, 35.00000, 1.82000, 2.80000, 0.05200, 0.08000
1990-07-02 12:21:40, 44500, 33.00000, 1.67000, 2.70000, 0.05061, 0.08182
1990-07-02 12:23:20, 44600, 29.00000, 1.51000, 2.30000, 0.05207, 0.07931
1990-07-02 12:25:00, 44700, 27.00000, 1.41000, 2.30000, 0.05222, 0.08519
1990-07-02 12:26:40, 44800, 26.00000, 1.33000, 2.10000, 0.05115, 0.08077
1990-07-02 12:28:20, 44900, 25.00000, 1.27000, 2.00000, 0.05080, 0.08000
1990-07-02 12:30:00, 45000, 24.00000, 1.22000, 1.90000, 0.05083, 0.07917
1990-07-02 12:31:40, 45100, 22.00000, 1.16000, 1.90000, 0.05273, 0.08636
1990-07-02 12:33:20, 45200, 21.00000, 1.08000, 1.70000, 0.05143, 0.08095
1990-07-02 12:35:00, 45300, 19.00000, 1.01000, 1.70000, 0.05316, 0.08947
1990-07-02 12:36:40, 45400, 18.00000, 0.93000, 1.50000, 0.05167, 0.08333
1990-07-02 12:38:20, 45500, 17.00000, 0.85000, 1.40000, 0.05000, 0.08235
1990-07-02 12:40:00, 45600, 15.00000, 0.83000, 1.30000, 0.05533, 0.08667
1990-07-02 12:41:40, 45700, 15.00000, 0.79000, 1.30000, 0.05267, 0.08667
1990-07-02 12:43:20, 45800, 15.00000, 0.75000, 1.20000, 0.05000, 0.08000
1990-07-02 12:45:00, 45900, 13.00000, 0.71000, 1.20000, 0.05462, 0.09231
1990-07-02 12:46:40, 46000, 13.00000, 0.67000, 1.10000, 0.05154, 0.08462
1990-07-02 12:48:20, 46100, 13.00000, 0.65000, 1.10000, 0.05000, 0.08462
1990-07-02 12:50:00, 46200, 11.00000, 0.61000, 1.00000, 0.05545, 0.09091
1990-07-02 12:51:40, 46300, 11.00000, 0.59000, 1.00000, 0.05364, 0.09091
1990-07-02 12:53:20, 46400, 11.00000, 0.56000, 1.00000, 0.05091, 0.09091
1990-07-02 12:55:00, 46500, 10.00000, 0.53000, 0.90000, 0.05300, 0.09000
1990-07-02 12:56:40, 46600, 10.00000, 0.51000, 0.80000, 0.05100, 0.08000
1990-07-02 12:58:20, 46700, 9.00000, 0.49000, 0.80000, 0.05444, 0.08889
1990-07-02 13:00:00, 46800, 9.00000, 0.47000, 0.80000, 0.05222, 0.08889
1990-07-02 13:01:40, 46900, 9.00000, 0.45000, 0.80000, 0.05000, 0.08889
1990-07-02 13:03:20, 47000, 8.00000, 0.43000, 0.70000, 0.05375, 0.08750
1990-07-02 13:05:00, 47100, 8.00000, 0.42000, 0.70000, 0.05250, 0.08750
1990-07-02 13:06:40, 47200, 8.00000, 0.40000, 0.70000, 0.05000, 0.08750
1990-07-02 13:08:20, 47300, 7.00000, 0.39000, 0.70000, 0.05571, 0.10000
1990-07-02 13:10:00, 47400, 7.00000, 0.38000, 0.60000, 0.05429, 0.08571
1990-07-02 13:11:40, 47500, 7.00000, 0.36000, 0.70000, 0.05143, 0.10000
1990-07-02 13:13:20, 47600, 6.00000, 0.35000, 0.50000, 0.05833, 0.08333
1990-07-02 13:15:00, 47700, 7.00000, 0.34000, 0.60000, 0.04857, 0.08571
1990-07-02 13:16:40, 47800, 6.00000, 0.32000, 0.60000, 0.05333, 0.10000
1990-07-02 13:18:20, 47900, 6.00000, 0.31000, 0.50000, 0.05167, 0.08333
1990-07-02 13:20:00, 48000, 5.00000, 0.30000, 0.50000, 0.06000, 0.10000
1990-07-02 13:21:40, 48100, 6.00000, 0.29000, 0.50000, 0.04833, 0.08333
1990-07-02 13:23:20, 48200, 5.00000, 0.28000, 0.50000, 0.05600, 0.10000
1990-07-02 13:25:00, 48300, 5.00000, 0.28000, 0.50000, 0.05600, 0.10000
1990-07-02 13:26:40, 48400, 5.00000, 0.26000, 0.50000, 0.05200, 0.10000
1990-07-02 13:28:20, 48500, 5.00000, 0.26000, 0.40000, 0.05200, 0.08000
1990-07-02 13:30:00, 48600, 5.00000, 0.25000, 0.50000, 0.05000, 0.10000
1990-07-02 13:31:40, 48700, 4.00000, 0.24000, 0.40000, 0.06000, 0.10000
1990-07-02 13:33:20, 48800, 5.00000, 0.23000, 0.40000, 0.04600, 0.08000
1990-07-02 13:35:00, 48900, 4.00000, 0.23000, 0.40000, 0.05750, 0.10000
1990-07-02 13:36:40, 49000, 4.00000, 0.22000, 0.40000, 0.05500, 0.10000
1990-07-02 13:38:20, 49100, 4.00000, 0.22000, 0.40000, 0.05500, 0.10000
1990-07-02 13:40:00, 49200, 4.00000, 0.22000, 0.30000, 0.05500, 0.07500
1990-07-02 13:41:40, 49300, 4.00000, 0.21000, 0.40000, 0.05250, 0.10000
1990-07-02 13:43:20, 49400, 4.00000, 0.19000, 0.40000, 0.04750, 0.10000
1990-07-02 13:45:00, 49500, 4.00000, 0.19000, 0.30000, 0.04750, 0.07500
1990-07-02 13:46:40, 49600, 3.00000, 0.19000, 0.30000, 0.06333, 0.10000
1990-07-02 13:48:20, 49700, 3.00000, 0.17000, 0.30000, 0.05667, 0.10000
1990-07-02 13:50:00, 49800, 3.00000, 0.18000, 0.30000, 0.06000, 0.10000
1990-07-02 13:51:40, 49900, 4.00000, 0.16000, 0.30000, 0.04000, 0.07500
1990-07-02 13:53:20, 50000, 3.00000, 0.17000, 0.30000, 0.05667, 0.10000
1990-07-02 13:55:00, 50100, 3.00000, 0.16000, 0.30000, 0.05333, 0.10000
1990-07-02 13:56:40, 50200, 2.00000, 0.15000, 0.30000, 0.07500, 0.15000
1990-07-02 13:58:20, 50300, 3.00000, 0.15000, 0.20000, 0.05000, 0.06667
1990-07-02 14:00:00, 50400, 3.00000, 0.15000, 0.30000, 0.05000, 0.10000
1990-07-02 14:01:40, 50500, 3.00000, 0.14000, 0.30000, 0.04667, 0.10000
1990-07-02 14:03:20, 50600, 2.00000, 0.14000, 0.20000, 0.07000, 0.10000
1990-07-02 14:05:00, 50700, 3.00000, 0.13000, 0.20000, 0.04333, 0.06667
1990-07-02 14:06:40, 50800, 2.00000, 0.13000, 0.30000, 0.06500, 0.15000
1990-07-02 14:08:20, 50900, 3.00000, 0.13000, 0.20000, 0.04333, 0.06667
1990-07-02 14:10:00, 51000, 2.00000, 0.13000, 0.20000, 0.06500, 0.10000
1990-07-02 14:11:40, 51100, 2.00000, 0.12000, 0.20000, 0.06000, 0.10000
1990-07-02 14:13:20, 51200, 2.00000, 0.12000, 0.30000, 0.06000, 0.15000
1990-07-02 14:15:00, 51300, 3.00000, 0.12000, 0.20000, 0.04000, 0.06667
1990-07-02 14:16:40, 51400, 2.00000, 0.11000, 0.20000, 0.05500, 0.10000
1990-07-02 14:18:20, 51500, 2.00000, 0.12000, 0.20000, 0.06000, 0.10000
1990-07-02 14:20:00, 51600, 2.00000, 0.11000, 0.20000, 0.05500, 0.10000
1990-07-02 14:21:40, 51700, 2.00000, 0.11000, 0.20000, 0.05500, 0.10000
1990-07-02 14:23:20, 51800, 2.00000, 0.10000, 0.20000, 0.05000, 0.10000
1990-07-02 14:25:00, 51900, 2.00000, 0.11000, 0.10000, 0.05500, 0.05000
1990-07-02 14:26:40, 52000, 2.00000, 0.10000, 0.20000, 0.05000, 0.10000
1990-07-02 14:28:20, 52100, 2.00000, 0.10000, 0.20000, 0.05000, 0.10000
1990-07-02 14:30:00, 52200, 2.00000, 0.10000, 0.20000, 0.05000, 0.10000
1990-07-02 14:31:40, 52300, 1.00000, 0.10000, 0.10000, 0.10000, 0.10000
1990-07-02 14:33:20, 52400, 2.00000, 0.09000, 0.20000, 0.04500, 0.10000
1990-07-02 14:35:00, 52500, 2.00000, 0.10000, 0.20000, 0.05000, 0.10000
1990-07-02 14:36:40, 52600, 2.00000, 0.09000, 0.10000, 0.04500, 0.05000
1990-07-02 14:38:20, 52700, 1.00000, 0.09000, 0.20000, 0.09000, 0.20000
1990-07-02 14:40:00, 52800, 2.00000, 0.09000, 0.20000, 0.04500, 0.10000
1990-07-02 14:41:40, 52900, 2.00000, 0.09000, 0.10000, 0.04500, 0.05000
1990-07-02 14:43:20, 53000, 1.00000, 0.08000, 0.20000, 0.08000, 0.20000
1990-07-02 14:45:00, 53100, 2.00000, 0.09000, 0.10000, 0.04500, 0.05000
1990-07-02 14:46:40, 53200, 1.00000, 0.08000, 0.20000, 0.08000, 0.20000
1990-07-02 14:48:20, 53300, 2.00000, 0.08000, 0.10000, 0.04000, 0.05000
1990-07-02 14:50:00, 53400, 1.00000, 0.08000, 0.20000, 0.08000, 0.20000
1990-07-02 14:51:40, 53500, 2.00000, 0.08000, 0.10000, 0.04000, 0.05000
1990-07-02 14:53:20, 53600, 1.00000, 0.08000, 0.10000, 0.08000, 0.10000
1990-07-02 14:55:00, 53700, 2.00000, 0.07000, 0.20000, 0.03500, 0.10000
1990-07-02 14:56:40, 53800, 1.00000, 0.08000, 0.10000, 0.08000, 0.10000
1990-07-02 14:58:20, 53900, 2.00000, 0.07000, 0.10000, 0.03500, 0.05000
1990-07-02 15:00:00, 54000, 1.00000, 0.08000, 0.20000, 0.08000, 0.20000
1990-07-02 15:01:40, 54100, 1.00000, 0.07000, 0.10000, 0.07000, 0.10000
1990-07-02 15:03:20, 54200, 2.00000, 0.07000, 0.10000, 0.03500, 0.05000
1990-07-02 15:05:00, 54300, 1.00000, 0.07000, 0.10000, 0.07000, 0.10000
1990-07-02 15:06:40, 54400, 1.00000, 0.06000, 0.20000, 0.06000, 0.20000
1990-07-02 15:08:20, 54500, 1.00000, 0.07000, 0.10000, 0.07000, 0.10000
1990-07-02 15:10:00, 54600, 2.00000, 0.07000, 0.10000, 0.03500, 0.05000
1990-07-02 15:11:40, 54700, 1.00000, 0.07000, 0.10000, 0.07000, 0.10000
1990-07-02 15:13:20, 54800, 1.00000, 0.06000, 0.10000, 0.06000, 0.10000
1990-07-02 15:15:00, 54900, 1.00000, 0.07000, 0.20000, 0.07000, 0.20000
1990-07-02 15:16:40, 55000, 2.00000, 0.07000, 0.10000, 0.03500, 0.05000
1990-07-02 15:18:20, 55100, 1.00000, 0.07000, 0.10000, 0.07000, 0.10000
1990-07-02 15:20:00, 55200, 2.00000, 0.08000, 0.20000, 0.04000, 0.10000
1990-07-02 15:21:40, 55300, 1.00000, 0.08000, 0.10000, 0.08000, 0.10000
1990-07-02 15:23:20, 55400, 1.00000, 0.07000, 0.10000, 0.07000, 0.10000
1990-07-02 15:25:00, 55500, 2.00000, 0.08000, 0.20000, 0.04000, 0.10000
1990-07-02 15:26:40, 55600, 1.00000, 0.08000, 0.10000, 0.08000, 0.10000
1990-07-02 15:28:20, 55700, 2.00000, 0.08000, 0.10000, 0.04000, 0.05000
1990-07-02 15:30:00, 55800, 1.00000, 0.07000, 0.20000, 0.07000, 0.20000
1990-07-02 15:31:40, 55900, 2.00000, 0.08000, 0.10000, 0.04000, 0.05000
1990-07-02 15:33:20, 56000, 1.00000, 0.08000, 0.10000, 0.08000, 0.10000
1990-07-02 15:35:00, 56100, 1.00000, 0.07000, 0.20000, 0.07000, 0.20000
1990-07-02 15:36:40, 56200, 2.00000, 0.07000, 0.10000, 0.03500, 0.05000
1990-07-02 15:38:20, 56300, 1.00000, 0.07000, 0.10000, 0.07000, 0.10000
1990-07-02 15:40:00, 56400, 1.00000, 0.07000, 0.20000, 0.07000, 0.20000
1990-07-02 15:41:40, 56500, 2.00000, 0.07000, 0.10000, 0.03500, 0.05000
1990-07-02 15:43:20, 56600, 1.00000, 0.06000, 0.10000, 0.06000, 0.10000
1990-07-02 15:45:00, 56700, 1.00000, 0.07000, 0.10000, 0.07000, 0.10000
1990-07-02 15:46:40, 56800, 1.00000, 0.06000, 0.10000, 0.06000, 0.10000
1990-07-02 15:48:20, 56900, 1.00000, 0.06000, 0.10000, 0.06000, 0.10000
1990-07-02 15:50:00, 57000, 1.00000, 0.07000, 0.10000, 0.07000, 0.10000
1990-07-02 15:51:40, 57100, 2.00000, 0.05000, 0.20000, 0.02500, 0.10000
1990-07-02 15:53:20, 57200, 1.00000, 0.06000, 0.10000, 0.06000, 0.10000
1990-07-02 15:55:00, 57300, 1.00000, 0.06000, 0.10000, 0.06000, 0.10000
1990-07-02 15:56:40, 57400, 1.00000, 0.06000, 0.10000, 0.06000, 0.10000
1990-07-02 15:58:20, 57500, 1.00000, 0.05000, 0.10000, 0.05000, 0.10000
1990-07-02 16:00:00, 57600, 1.00000, 0.06000, 0.10000, 0.06000, 0.10000
1990-07-02 16:01:40, 57700, 1.00000, 0.05000, 0.10000, 0.05000, 0.10000
1990-07-02 16:03:20, 57800, 1.00000, 0.05000, 0.00000, 0.05000, 0.00000
1990-07-02 16:05:00, 57900, 1.00000, 0.06000, 0.10000, 0.06000, 0.10000
1990-07-02 16:06:40, 58000, 1.00000, 0.05000, 0.10000, 0.05000, 0.10000
1990-07-02 16:08:20, 58100, 1.00000, 0.05000, 0.10000, 0.05000, 0.10000
1990-07-02 16:10:00, 58200, 1.00000, 0.05000, 0.10000, 0.05000, 0.10000
1990-07-02 16:11:40, 58300, 1.00000, 0.05000, 0.10000, 0.05000, 0.10000
1990-07-02 16:13:20, 58400, 0.00000, 0.04000, 0.10000, 0.00000, 0.00000
1990-07-02 16:15:00, 58500, 1.00000, 0.05000, 0.10000, 0.05000, 0.10000
1990-07-02 16:16:40, 58600, 1.00000, 0.05000, 0.10000, 0.05000, 0.10000
1990-07-02 16:18:20, 58700, 1.00000, 0.05000, 0.00000, 0.05000, 0.00000
1990-07-02 16:20:00, 58800, 1.00000, 0.05000, 0.10000, 0.05000, 0.10000
1990-07-02 16:21:40, 58900, 1.00000, 0.04000, 0.10000, 0.04000, 0.10000
1990-07-02 16:23:20, 59000, 1.00000, 0.05000, 0.10000, 0.05000, 0.10000
1990-07-02 16:25:00, 59100, 1.00000, 0.04000, 0.10000, 0.04000, 0.10000
1990-07-02 16:26:40, 59200, 0.00000, 0.05000, 0.10000, 0.00000, 0.00000
1990-07-02 16:28:20, 59300, 1.00000, 0.04000, 0.00000, 0.04000, 0.00000
1990-07-02 16:30:00, 59400, 1.00000, 0.05000, 0.10000, 0.05000, 0.10000
1990-07-02 16:31:40, 59500, 1.00000, 0.04000, 0.10000, 0.04000, 0.10000
1990-07-02 16:33:20, 59600, 1.00000, 0.04000, 0.10000, 0.04000, 0.10000
1990-07-02 16:35:00, 59700, 0.00000, 0.05000, 0.00000, 0.00000, 0.00000
1990-07-02 16:36:40, 59800, 1.00000, 0.04000, 0.10000, 0.04000, 0.10000
1990-07-02 16:38:20, 59900, 1.00000, 0.04000, 0.10000, 0.04000, 0.10000
1990-07-02 16:40:00, 60000, 1.00000, 0.04000, 0.10000, 0.04000, 0.10000
1990-07-02 16:41:40, 60100, 0.00000, 0.04000, 0.00000, 0.00000, 0.00000
1990-07-02 16:43:20, 60200, 1.00000, 0.04000, 0.10000, 0.04000, 0.10000
1990-07-02 16:45:00, 60300, 1.00000, 0.04000, 0.10000, 0.04000, 0.10000
1990-07-02 16:46:40, 60400, 1.00000, 0.03000, 0.00000, 0.03000, 0.00000
1990-07-02 16:48:20, 60500, 0.00000, 0.04000, 0.10000, 0.00000, 0.00000
1990-07-02 16:50:00, 60600, 1.00000, 0.04000, 0.10000, 0.04000, 0.10000
1990-07-02 16:51:40, 60700, 1.00000, 0.03000, 0.00000, 0.03000, 0.00000
1990-07-02 16:53:20, 60800, 0.00000, 0.04000, 0.10000, 0.00000, 0.00000
1990-07-02 16:55:00, 60900, 1.00000, 0.04000, 0.10000, 0.04000, 0.10000
1990-07-02 16:56:40, 61000, 1.00000, 0.03000, 0.00000, 0.03000, 0.00000
1990-07-02 16:58:20, 61100, 0.00000, 0.03000, 0.10000, 0.00000, 0.00000
1990-07-02 17:00:00, 61200, 1.00000, 0.04000, 0.10000, 0.04000, 0.10000
1990-07-02 17:01:40, 61300, 1.00000, 0.03000, 0.00000, 0.03000, 0.00000
1990-07-02 17:03:20, 61400, 0.00000, 0.03000, 0.10000, 0.00000, 0.00000
1990-07-02 17:05:00, 61500, 1.00000, 0.03000, 0.00000, 0.03000, 0.00000
1990-07-02 17:06:40, 61600, 0.00000, 0.04000, 0.10000, 0.00000, 0.00000
1990-07-02 17:08:20, 61700, 1.00000, 0.03000, 0.00000, 0.03000, 0.00000
1990-07-02 17:10:00, 61800, 0.00000, 0.03000, 0.10000, 0.00000, 0.00000
1990-07-02 17:11:40, 61900, 1.00000, 0.03000, 0.10000, 0.03000, 0.10000
1990-07-02 17:13:20, 62000, 1.00000, 0.03000, 0.00000, 0.03000, 0.00000
1990-07-02 17:15:00, 62100, 0.00000, 0.03000, 0.10000, 0.00000, 0.00000
1990-07-02 17:16:40, 62200, 1.00000, 0.03000, 0.00000, 0.03000, 0.00000
1990-07-02 17:18:20, 62300, 0.00000, 0.03000, 0.10000, 0.00000, 0.00000
1990-07-02 17:20:00, 62400, 1.00000, 0.03000, 0.00000, 0.03000, 0.00000
1990-07-02 17:21:40, 62500, 0.00000, 0.03000, 0.10000, 0.00000, 0.00000
1990-07-02 17:23:20, 62600, 1.00000, 0.02000, 0.00000, 0.02000, 0.00000
1990-07-02 17:25:00, 62700, 0.00000, 0.03000, 0.10000, 0.00000, 0.00000
1990-07-02 17:26:40, 62800, 1.00000, 0.03000, 0.00000, 0.03000, 0.00000
1990-07-02 17:28:20, 62900, 0.00000, 0.03000, 0.10000, 0.00000, 0.00000
1990-07-02 17:30:00, 63000, 1.00000, 0.03000, 0.00000, 0.03000, 0.00000
1990-07-02 17:31:40, 63100, 0.00000, 0.03000, 0.10000, 0.00000, 0.00000
1990-07-02 17:33:20, 63200, 1.00000, 0.02000, 0.00000, 0.02000, 0.00000
1990-07-02 17:35:00, 63300, 0.00000, 0.03000, 0.10000, 0.00000, 0.00000
1990-07-02 17:36:40, 63400, 1.00000, 0.03000, 0.00000, 0.03000, 0.00000
1990-07-02 17:38:20, 63500, 0.00000, 0.02000, 0.10000, 0.00000, 0.00000
1990-07-02 17:40:00, 63600, 1.00000, 0.03000, 0.00000, 0.03000, 0.00000
1990-07-02 17:41:40, 63700, 0.00000, 0.03000, 0.10000, 0.00000, 0.00000
1990-07-02 17:43:20, 63800, 1.00000, 0.02000, 0.00000, 0.02000, 0.00000
1990-07-02 17:45:00, 63900, 0.00000, 0.03000, 0.10000, 0.00000, 0.00000
1990-07-02 17:46:40, 64000, 1.00000, 0.02000, 0.00000, 0.02000, 0.00000
1990-07-02 17:48:20, 64100, 0.00000, 0.03000, 0.00000, 0.00000, 0.00000
1990-07-02 17:50:00, 64200, 1.00000, 0.02000, 0.10000, 0.02000, 0.10000
1990-07-02 17:51:40, 64300, 0.00000, 0.03000, 0.00000, 0.00000, 0.00000
1990-07-02 17:53:20, 64400, 1.00000, 0.02000, 0.10000, 0.02000, 0.10000
1990-07-02 17:55:00, 64500, 0.00000, 0.03000, 0.00000, 0.00000, 0.00000
1990-07-02 17:56:40, 64600, 1.00000, 0.02000, 0.10000, 0.02000, 0.10000
1990-07-02 17:58:20, 64700, 0.00000, 0.02000, 0.00000, 0.00000, 0.00000
1990-07-02 18:00:00, 64800, 1.00000, 0.03000, 0.10000, 0.03000, 0.10000
1990-07-02 18:01:40, 64900, 0.00000, 0.02000, 0.00000, 0.00000, 0.00000
1990-07-02 18:03:20, 65000, 0.00000, 0.02000, 0.00000, 0.00000, 0.00000
1990-07-02 18:05:00, 65100, 1.00000, 0.03000, 0.10000, 0.03000, 0.10000
1990-07-02 18:06:40, 65200, 0.00000, 0.02000, 0.00000, 0.00000, 0.00000
1990-07-02 18:08:20, 65300, 1.00000, 0.02000, 0.10000, 0.02000, 0.10000
1990-07-02 18:10:00, 65400, 0.00000, 0.02000, 0.00000, 0.00000, 0.00000
1990-07-02 18:11:40, 65500, 0.00000, 0.03000, 0.00000, 0.00000, 0.00000
1990-07-02 18:13:20, 65600, 1.00000, 0.02000, 0.10000, 0.02000, 0.10000
1990-07-02 18:15:00, 65700, 0.00000, 0.02000, 0.00000, 0.00000, 0.00000
1990-07-02 18:16:40, 65800, 1.00000, 0.02000, 0.10000, 0.02000, 0.10000
1990-07-02 18:18:20, 65900, 0.00000, 0.02000, 0.00000, 0.00000, 0.00000
1990-07-02 18:20:00, 66000, 0.00000, 0.02000, 0.00000, 0.00000, 0.00000
1990-07-02 18:21:40, 66100, 1.00000, 0.02000, 0.10000, 0.02000, 0.10000
1990-07-02 18:23:20, 66200, 0.00000, 0.02000, 0.00000, 0.00000, 0.00000
1990-07-02 18:25:00, 66300, 1.00000, 0.02000, 0.00000, 0.02000, 0.00000
1990-07-02 18:26:40, 66400, 0.00000, 0.02000, 0.10000, 0.00000, 0.00000
1990-07-02 18:28:20, 66500, 0.00000, 0.02000, 0.00000, 0.00000, 0.00000
1990-07-02 18:30:00, 66600, 1.00000, 0.02000, 0.00000, 0.02000, 0.00000
1990-07-02 18:31:40, 66700, 0.00000, 0.02000, 0.10000, 0.00000, 0.00000
1990-07-02 18:33:20, 66800, 0.00000, 0.02000, 0.00000, 0.00000, 0.00000
1990-07-02 18:35:00, 66900, 1.00000, 0.02000, 0.10000, 0.02000, 0.10000
1990-07-02 18:36:40, 67000, 0.00000, 0.02000, 0.00000, 0.00000, 0.00000
1990-07-02 18:38:20, 67100, 0.00000, 0.02000, 0.00000, 0.00000, 0.00000
1990-07-02 18:40:00, 67200, 1.00000, 0.02000, 0.10000, 0.02000, 0.10000
1990-07-02 18:41:40, 67300, 0.00000, 0.02000, 0.00000, 0.00000, 0.00000
1990-07-02 18:43:20, 67400, 1.00000, 0.02000, 0.00000, 0.02000, 0.00000
1990-07-02 18:45:00, 67500, 0.00000, 0.02000, 0.10000, 0.00000, 0.00000
1990-07-02 18:46:40, 67600, 0.00000, 0.01000, 0.00000, 0.00000, 0.00000
1990-07-02 18:48:20, 67700, 1.00000, 0.02000, 0.00000, 0.02000, 0.00000
1990-07-02 18:50:00, 67800, 0.00000, 0.02000, 0.10000, 0.00000, 0.00000
1990-07-02 18:51:40, 67900, 0.00000, 0.02000, 0.00000, 0.00000, 0.00000
1990-07-02 18:53:20, 68000, 1.00000, 0.02000, 0.00000, 0.02000, 0.00000
1990-07-02 18:55:00, 68100, 0.00000, 0.02000, 0.10000, 0.00000, 0.00000
1990-07-02 18:56:40, 68200, 0.00000, 0.01000, 0.00000, 0.00000, 0.00000
1990-07-02 18:58:20, 68300, 1.00000, 0.02000, 0.00000, 0.02000, 0.00000
1990-07-02 19:00:00, 68400, 0.00000, 0.02000, 0.10000, 0.00000, 0.00000
1990-07-02 19:01:40, 68500, 0.00000, 0.02000, 0.00000, 0.00000, 0.00000
1990-07-02 19:03:20, 68600, 1.00000, 0.02000, 0.00000, 0.02000, 0.00000
1990-07-02 19:05:00, 68700, 0.00000, 0.01000, 0.10000, 0.00000, 0.00000
1990-07-02 19:06:40, 68800, 0.00000, 0.02000, 0.00000, 0.00000, 0.00000
1990-07-02 19:08:20, 68900, 1.00000, 0.02000, 0.00000, 0.02000, 0.00000
1990-07-02 19:10:00, 69000, 0.00000, 0.02000, 0.00000, 0.00000, 0.00000
1990-07-02 19:11:40, 69100, 0.00000, 0.01000, 0.10000, 0.00000, 0.00000
1990-07-02 19:13:20, 69200, 1.00000, 0.02000, 0.00000, 0.02000, 0.00000
1990-07-02 19:15:00, 69300, 0.00000, 0.02000, 0.00000, 0.00000, 0.00000
1990-07-02 19:16:40, 69400, 0.00000, 0.01000, 0.10000, 0.00000, 0.00000
1990-07-02 19:18:20, 69500, 0.00000, 0.02000, 0.00000, 0.00000, 0.00000
1990-07-02 19:20:00, 69600, 1.00000, 0.02000, 0.00000, 0.02000, 0.00000
1990-07-02 19:21:40, 69700, 0.00000, 0.01000, 0.10000, 0.00000, 0.00000
1990-07-02 19:23:20, 69800, 0.00000, 0.02000, 0.00000, 0.00000, 0.00000
1990-07-02 19:25:00, 69900, 1.00000, 0.02000, 0.00000, 0.02000, 0.00000
1990-07-02 19:26:40, 70000, 0.00000, 0.01000, 0.00000, 0.00000, 0.00000
1990-07-02 19:28:20, 70100, 0.00000, 0.02000, 0.10000, 0.00000, 0.00000
1990-07-02 19:30:00, 70200, 1.00000, 0.01000, 0.00000, 0.01000, 0.00000
1990-07-02 19:31:40, 70300, 0.00000, 0.02000, 0.00000, 0.00000, 0.00000
1990-07-02 19:33:20, 70400, 0.00000, 0.02000, 0.10000, 0.00000, 0.00000
1990-07-02 19:35:00, 70500, 0.00000, 0.01000, 0.00000, 0.00000, 0.00000
1990-07-02 19:36:40, 70600, 1.00000, 0.02000, 0.00000, 0.02000, 0.00000
1990-07-02 19:38:20, 70700, 0.00000, 0.01000, 0.00000, 0.00000, 0.00000
1990-07-02 19:40:00, 70800, 0.00000, 0.02000, 0.10000, 0.00000, 0.00000
1990-07-02 19:41:40, 70900, 1.00000, 0.01000, 0.00000, 0.01000, 0.00000
1990-07-02 19:43:20, 71000, 0.00000, 0.02000, 0.00000, 0.00000, 0.00000
1990-07-02 19:45:00, 71100, 0.00000, 0.01000, 0.10000, 0.00000, 0.00000
1990-07-02 19:46:40, 71200, 0.00000, 0.02000, 0.00000, 0.00000, 0.00000
1990-07-02 19:48:20, 71300, 1.00000, 0.01000, 0.00000, 0.01000, 0.00000
1990-07-02 19:50:00, 71400, 0.00000, 0.02000, 0.00000, 0.00000, 0.00000
1990-07-02 19:51:40, 71500, 0.00000, 0.01000, 0.10000, 0.00000, 0.00000
1990-07-02 19:53:20, 71600, 0.00000, 0.02000, 0.00000, 0.00000, 0.00000
1990-07-02 19:55:00, 71700, 1.00000, 0.01000, 0.00000, 0.01000, 0.00000
1990-07-02 19:56:40, 71800, 0.00000, 0.01000, 0.00000, 0.00000, 0.00000
1990-07-02 19:58:20, 71900, 0.00000, 0.02000, 0.10000, 0.00000, 0.00000
1990-07-02 20:00:00, 72000, 1.00000, 0.01000, 0.00000, 0.01000, 0.00000
1990-07-02 20:01:40, 72100, 0.00000, 0.02000, 0.00000, 0.00000, 0.00000
1990-07-02 20:03:20, 72200, 0.00000, 0.01000, 0.00000, 0.00000, 0.00000
1990-07-02 20:05:00, 72300, 0.00000, 0.01000, 0.10000, 0.00000, 0.00000
1990-07-02 20:06:40, 72400, 1.00000, 0.02000, 0.00000, 0.02000, 0.00000
1990-07-02 20:08:20, 72500, 0.00000, 0.01000, 0.00000, 0.00000, 0.00000
1990-07-02 20:10:00, 72600, 0.00000, 0.01000, 0.00000, 0.00000, 0.00000
1990-07-02 20:11:40, 72700, 0.00000, 0.02000, 0.10000, 0.00000, 0.00000
1990-07-02 20:13:20, 72800, 1.00000, 0.01000, 0.00000, 0.01000, 0.00000
1990-07-02 20:15:00, 72900, 0.00000, 0.01000, 0.00000, 0.00000, 0.00000
1990-07-02 20:16:40, 73000, 0.00000, 0.02000, 0.00000, 0.00000, 0.00000
1990-07-02 20:18:20, 73100, 0.00000, 0.01000, 0.10000, 0.00000, 0.00000
1990-07-02 20:20:00, 73200, 1.00000, 0.01000, 0.00000, 0.01000, 0.00000
1990-07-02 20:21:40, 73300, 0.00000, 0.02000, 0.00000, 0.00000, 0.00000
1990-07-02 20:23:20, 73400, 0.00000, 0.01000, 0.00000, 0.00000, 0.00000
1990-07-02 20:25:00, 73500, 0.00000, 0.01000, 0.00000, 0.00000, 0.00000
1990-07-02 20:26:40, 73600, 1.00000, 0.02000, 0.10000, 0.02000, 0.10000
1990-07-02 20:28:20, 73700, 0.00000, 0.01000, 0.00000, 0.00000, 0.00000
1990-07-02 20:30:00, 73800, 0.00000, 0.01000, 0.00000, 0.00000, 0.00000
1990-07-02 20:31:40, 73900, 0.00000, 0.01000, 0.00000, 0.00000, 0.00000
1990-07-02 20:33:20, 74000, 0.00000, 0.02000, 0.10000, 0.00000, 0.00000
1990-07-02 20:35:00, 74100, 1.00000, 0.01000, 0.00000, 0.01000, 0.00000
1990-07-02 20:36:40, 74200, 0.00000, 0.01000, 0.00000, 0.00000, 0.00000
1990-07-02 20:38:20, 74300, 0.00000, 0.02000, 0.00000, 0.00000, 0.00000
1990-07-02 20:40:00, 74400, 0.00000, 0.01000, 0.10000, 0.00000, 0.00000
1990-07-02 20:41:40, 74500, 1.00000, 0.01000, 0.00000, 0.01000, 0.00000
1990-07-02 20:43:20, 74600, 0.00000, 0.01000, 0.00000, 0.00000, 0.00000
1990-07-02 20:45:00, 74700, 0.00000, 0.01000, 0.00000, 0.00000, 0.00000
1990-07-02 20:46:40, 74800, 0.00000, 0.02000, 0.00000, 0.00000, 0.00000
1990-07-02 20:48:20, 74900, 1.00000, 0.01000, 0.10000, 0.01000, 0.10000
1990-07-02 20:50:00, 75000, 0.00000, 0.01000, 0.00000, 0.00000, 0.00000
1990-07-02 20:51:40, 75100, 0.00000, 0.01000, 0.00000, 0.00000, 0.00000
1990-07-02 20:53:20, 75200, 0.00000, 0.01000, 0.00000, 0.00000, 0.00000
1990-07-02 20:55:00, 75300, 0.00000, 0.01000, 0.00000, 0.00000, 0.00000
1990-07-02 20:56:40, 75400, 1.00000, 0.01000, 0.10000, 0.01000, 0.10000
1990-07-02 20:58:20, 75500, 0.00000, 0.02000, 0.00000, 0.00000, 0.00000
1990-07-02 21:00:00, 75600, 0.00000, 0.01000, 0.00000, 0.00000, 0.00000
1990-07-02 21:01:40, 75700, 0.00000, 0.01000, 0.00000, 0.00000, 0.00000
1990-07-02 21:03:20, 75800, 0.00000, 0.01000, 0.00000, 0.00000, 0.00000
1990-07-02 21:05:00, 75900, 1.00000, 0.01000, 0.10000, 0.01000, 0.10000
1990-07-02 21:06:40, 76000, 0.00000, 0.01000, 0.00000, 0.00000, 0.00000
1990-07-02 21:08:20, 76100, 0.00000, 0.01000, 0.00000, 0.00000, 0.00000
1990-07-02 21:10:00, 76200, 0.00000, 0.01000, 0.00000, 0.00000, 0.00000
1990-07-02 21:11:40, 76300, 0.00000, 0.01000, 0.00000, 0.00000, 0.00000
1990-07-02 21:13:20, 76400, 1.00000, 0.01000, 0.10000, 0.01000, 0.10000
1990-07-02 21:15:00, 76500, 0.00000, 0.02000, 0.00000, 0.00000, 0.00000
1990-07-02 21:16:40, 76600, 0.00000, 0.01000, 0.00000, 0.00000, 0.00000
1990-07-02 21:18:20, 76700, 0.00000, 0.01000, 0.00000, 0.00000, 0.00000
1990-07-02 21:20:00, 76800, 0.00000, 0.01000, 0.00000, 0.00000, 0.00000
1990-07-02 21:21:40, 76900, 1.00000, 0.01000, 0.10000, 0.01000, 0.10000
1990-07-02 21:23:20, 77000, 0.00000, 0.01000, 0.00000, 0.00000, 0.00000
1990-07-02 21:25:00, 77100, 0.00000, 0.01000, 0.00000, 0.00000, 0.00000
1990-07-02 21:26:40, 77200, 0.00000, 0.01000, 0.00000, 0.00000, 0.00000
1990-07-02 21:28:20, 77300, 0.00000, 0.01000, 0.00000, 0.00000, 0.00000
1990-07-02 21:30:00, 77400, 1.00000, 0.01000, 0.00000, 0.01000, 0.00000
1990-07-02 21:31:40, 77500, 0.00000, 0.01000, 0.10000, 0.00000, 0.00000
1990-07-02 21:33:20, 77600, 0.00000, 0.01000, 0.00000, 0.00000, 0.00000
1990-07-02 21:35:00, 77700, 0.00000, 0.01000, 0.00000, 0.00000, 0.00000
1990-07-02 21:36:40, 77800, 0.00000, 0.01000, 0.00000, 0.00000, 0.00000
1990-07-02 21:38:20, 77900, 1.00000, 0.01000, 0.00000, 0.01000, 0.00000
1990-07-02 21:40:00, 78000, 0.00000, 0.01000, 0.10000, 0.00000, 0.00000
1990-07-02 21:41:40, 78100, 0.00000, 0.01000, 0.00000, 0.00000, 0.00000
1990-07-02 21:43:20, 78200, 0.00000, 0.01000, 0.00000, 0.00000, 0.00000
1990-07-02 21:45:00, 78300, 0.00000, 0.01000, 0.00000, 0.00000, 0.00000
1990-07-02 21:46:40, 78400, 0.00000, 0.01000, 0.00000, 0.00000, 0.00000
1990-07-02 21:48:20, 78500, 1.00000, 0.01000, 0.00000, 0.01000, 0.00000
1990-07-02 21:50:00, 78600, 0.00000, 0.01000, 0.10000, 0.00000, 0.00000
1990-07-02 21:51:40, 78700, 0.00000, 0.01000, 0.00000, 0.00000, 0.00000
1990-07-02 21:53:20, 78800, 0.00000, 0.01000, 0.00000, 0.00000, 0.00000
1990-07-02 21:55:00, 78900, 0.00000, 0.01000, 0.00000, 0.00000, 0.00000
1990-07-02 21:56:40, 79000, 1.00000, 0.01000, 0.00000, 0.01000, 0.00000
1990-07-02 21:58:20, 79100, 0.00000, 0.01000, 0.10000, 0.00000, 0.00000
1990-07-02 22:00:00, 79200, 0.00000, 0.01000, 0.00000, 0.00000, 0.00000
1990-07-02 22:01:40, 79300, 0.00000, 0.01000, 0.00000, 0.00000, 0.00000
1990-07-02 22:03:20, 79400, 0.00000, 0.01000, 0.00000, 0.00000, 0.00000
1990-07-02 22:05:00, 79500, 0.00000, 0.01000, 0.00000, 0.00000, 0.00000
1990-07-02 22:06:40, 79600, 1.00000, 0.01000, 0.00000, 0.01000, 0.00000
1990-07-02 22:08:20, 79700, 0.00000, 0.01000, 0.10000, 0.00000, 0.00000
1990-07-02 22:10:00, 79800, 0.00000, 0.01000, 0.00000, 0.00000, 0.00000
1990-07-02 22:11:40, 79900, 0.00000, 0.01000, 0.00000, 0.00000, 0.00000
1990-07-02 22:13:20, 80000, 0.00000, 0.00000, 0.00000, 0.00000, 0.00000
1990-07-02 22:15:00, 80100, 1.00000, 0.01000, 0.00000, 0.01000, 0.00000
1990-07-02 22:16:40, 80200, 0.00000, 0.01000, 0.00000, 0.00000, 0.00000
1990-07-02 22:18:20, 80300, 0.00000, 0.01000, 0.10000, 0.00000, 0.00000
1990-07-02 22:20:00, 80400, 0.00000, 0.01000, 0.00000, 0.00000, 0.00000
1990-07-02 22:21:40, 80500, 0.00000, 0.01000, 0.00000, 0.00000, 0.00000
1990-07-02 22:23:20, 80600, 0.00000, 0.01000, 0.00000, 0.00000, 0.00000
1990-07-02 22:25:00, 80700, 1.00000, 0.01000, 0.00000, 0.01000, 0.00000
1990-07-02 22:26:40, 80800, 0.00000, 0.01000, 0.00000, 0.00000, 0.00000
1990-07-02 22:28:20, 80900, 0.00000, 0.01000, 0.00000, 0.00000, 0.00000
1990-07-02 22:30:00, 81000, 0.00000, 0.01000, 0.10000, 0.00000, 0.00000
1990-07-02 22:31:40, 81100, 0.00000, 0.00000, 0.00000, 0.00000, 0.00000
1990-07-02 22:33:20, 81200, 0.00000, 0.01000, 0.00000, 0.00000, 0.00000
1990-07-02 22:35:00, 81300, 1.00000, 0.01000, 0.00000, 0.01000, 0.00000
1990-07-02 22:36:40, 81400, 0.00000, 0.01000, 0.00000, 0.00000, 0.00000
1990-07-02 22:38:20, 81500, 0.00000, 0.01000, 0.00000, 0.00000, 0.00000
1990-07-02 22:40:00, 81600, 0.00000, 0.01000, 0.10000, 0.00000, 0.00000
1990-07-02 22:41:40, 81700, 0.00000, 0.01000, 0.00000, 0.00000, 0.00000
1990-07-02 22:43:20, 81800, 0.00000, 0.01000, 0.00000, 0.00000, 0.00000
1990-07-02 22:45:00, 81900, 1.00000, 0.00000, 0.00000, 0.00000, 0.00000
1990-07-02 22:46:40, 82000, 0.00000, 0.01000, 0.00000, 0.00000, 0.00000
1990-07-02 22:48:20, 82100, 0.00000, 0.01000, 0.00000, 0.00000, 0.00000
1990-07-02 22:50:00, 82200, 0.00000, 0.01000, 0.10000, 0.00000, 0.00000
1990-07-02 22:51:40, 82300, 0.00000, 0.01000, 0.00000, 0.00000, 0.00000
1990-07-02 22:53:20, 82400, 0.00000, 0.01000, 0.00000, 0.00000, 0.00000
1990-07-02 22:55:00, 82500, 0.00000, 0.01000, 0.00000, 0.00000, 0.00000
1990-07-02 22:56:40, 82600, 1.00000, 0.00000, 0.00000, 0.00000, 0.00000
1990-07-02 22:58:20, 82700, 0.00000, 0.01000, 0.00000, 0.00000, 0.00000
1990-07-02 23:00:00, 82800, 0.00000, 0.01000, 0.00000, 0.00000, 0.00000
1990-07-02 23:01:40, 82900, 0.00000, 0.01000, 0.10000, 0.00000, 0.00000
1990-07-02 23:03:20, 83000, 0.00000, 0.01000, 0.00000, 0.00000, 0.00000
1990-07-02 23:05:00, 83100, 0.00000, 0.01000, 0.00000, 0.00000, 0.00000
1990-07-02 23:06:40, 83200, 1.00000, 0.00000, 0.00000, 0.00000, 0.00000
1990-07-02 23:08:20, 83300, 0.00000, 0.01000, 0.00000, 0.00000, 0.00000
1990-07-02 23:10:00, 83400, 0.00000, 0.01000, 0.00000, 0.00000, 0.00000
1990-07-02 23:11:40, 83500, 0.00000, 0.01000, 0.00000, 0.00000, 0.00000
1990-07-02 23:13:20, 83600, 0.00000, 0.01000, 0.10000, 0.00000, 0.00000
1990-07-02 23:15:00, 83700, 0.00000, 0.00000, 0.00000, 0.00000, 0.00000
1990-07-02 23:16:40, 83800, 0.00000, 0.01000, 0.00000, 0.00000, 0.00000
1990-07-02 23:18:20, 83900, 1.00000, 0.01000, 0.00000, 0.01000, 0.00000
1990-07-02 23:20:00, 84000, 0.00000, 0.01000, 0.00000, 0.00000, 0.00000
1990-07-02 23:21:40, 84100, 0.00000, 0.01000, 0.00000, 0.00000, 0.00000
1990-07-02 23:23:20, 84200, 0.00000, 0.00000, 0.00000, 0.00000, 0.00000
1990-07-02 23:25:00, 84300, 0.00000, 0.01000, 0.10000, 0.00000, 0.00000
1990-07-02 23:26:40, 84400, 0.00000, 0.01000, 0.00000, 0.00000, 0.00000
1990-07-02 23:28:20, 84500, 1.00000, 0.01000, 0.00000, 0.01000, 0.00000
1990-07-02 23:30:00, 84600, 0.00000, 0.01000, 0.00000, 0.00000, 0.00000
1990-07-02 23:31:40, 84700, 0.00000, 0.00000, 0.00000, 0.00000, 0.00000
1990-07-02 23:33:20, 84800, 0.00000, 0.01000, 0.00000, 0.00000, 0.00000
1990-07-02 23:35:00, 84900, 0.00000, 0.01000, 0.00000, 0.00000, 0.00000
1990-07-02 23:36:40, 85000, 0.00000, 0.01000, 0.10000, 0.00000, 0.00000
1990-07-02 23:38:20, 85100, 0.00000, 0.00000, 0.00000, 0.00000, 0.00000
1990-07-02 23:40:00, 85200, 1.00000, 0.01000, 0.00000, 0.01000, 0.00000
1990-07-02 23:41:40, 85300, 0.00000, 0.01000, 0.00000, 0.00000, 0.00000
1990-07-02 23:43:20, 85400, 0.00000, 0.01000, 0.00000, 0.00000, 0.00000
1990-07-02 23:45:00, 85500, 0.00000, 0.00000, 0.00000, 0.00000, 0.00000
1990-07-02 23:46:40, 85600, 0.00000, 0.01000, 0.00000, 0.00000, 0.00000
1990-07-02 23:48:20, 85700, 0.00000, 0.01000, 0.00000, 0.00000, 0.00000
1990-07-02 23:50:00, 85800, 0.00000, 0.01000, 0.10000, 0.00000, 0.00000
1990-07-02 23:51:40, 85900, 0.00000, 0.00000, 0.00000, 0.00000, 0.00000
1990-07-02 23:53:20, 86000, 1.00000, 0.01000, 0.00000, 0.01000, 0.00000
1990-07-02 23:55:00, 86100, 0.00000, 0.01000, 0.00000, 0.00000, 0.00000
1990-07-02 23:56:40, 86200, 0.00000, 0.01000, 0.00000, 0.00000, 0.00000
1990-07-02 23:58:20, 86300, 0.00000, 0.00000, 0.00000, 0.00000, 0.00000
1990-07-03 00:00:00, 86400, 0.00000, 0.01000, 0.00000, 0.00000, 0.00000
