lon,lat,x,y
130.714039,33.388584,-26603.564020,43129.282703
130.717165,33.388584,-26312.787783,43128.488416
130.720290,33.388584,-26022.011577,43127.702859
130.723416,33.388584,-25731.235401,43126.926032
130.726541,33.388584,-25440.459257,43126.157934
130.729667,33.388584,-25149.683142,43125.398565
130.732793,33.388584,-24858.907057,43124.647926
130.735918,33.388584,-24568.131001,43123.906016
130.739044,33.388584,-24277.354974,43123.172836
130.742169,33.388584,-23986.578977,43122.448384
130.745295,33.388584,-23695.803007,43121.732663
130.748420,33.388584,-23405.027066,43121.025670
130.751546,33.388584,-23114.251152,43120.327407
130.754671,33.388584,-22823.475266,43119.637874
130.757797,33.388584,-22532.699406,43118.957069
130.760922,33.388584,-22241.923574,43118.284994
130.764048,33.388584,-21951.147767,43117.621649
130.767173,33.388584,-21660.371987,43116.967033
130.770299,33.388584,-21369.596232,43116.321146
130.773424,33.388584,-21078.820502,43115.683988
130.776550,33.388584,-20788.044798,43115.055560
130.779676,33.388584,-20497.269118,43114.435861
130.782801,33.388584,-20206.493462,43113.824891
130.785927,33.388584,-19915.717830,43113.222650
130.789052,33.388584,-19624.942222,43112.629139
130.792178,33.388584,-19334.166637,43112.044357
130.795303,33.388584,-19043.391075,43111.468305
130.798429,33.388584,-18752.615535,43110.900981
130.801554,33.388584,-18461.840018,43110.342387
130.804680,33.388584,-18171.064522,43109.792522
130.807805,33.388584,-17880.289048,43109.251387
130.810931,33.388584,-17589.513595,43108.718980
130.814056,33.388584,-17298.738163,43108.195303
130.817182,33.388584,-17007.962751,43107.680356
130.820307,33.388584,-16717.187359,43107.174137
130.823433,33.388584,-16426.411988,43106.676648
130.826559,33.388584,-16135.636635,43106.187887
130.829684,33.388584,-15844.861302,43105.707856
130.832810,33.388584,-15554.085988,43105.236555
130.835935,33.388584,-15263.310691,43104.773982
130.839061,33.388584,-14972.535413,43104.320139
130.714039,33.390667,-26602.929656,43360.238162
130.717165,33.390667,-26312.160353,43359.443851
130.720290,33.390667,-26021.391080,43358.658269
130.723416,33.390667,-25730.621839,43357.881417
130.726541,33.390667,-25439.852628,43357.113295
130.729667,33.390667,-25149.083447,43356.353903
130.732793,33.390667,-24858.314295,43355.603240
130.735918,33.390667,-24567.545173,43354.861307
130.739044,33.390667,-24276.776081,43354.128103
130.742169,33.390667,-23986.007016,43353.403630
130.745295,33.390667,-23695.237981,43352.687886
130.748420,33.390667,-23404.468973,43351.980871
130.751546,33.390667,-23113.699993,43351.282586
130.754671,33.390667,-22822.931040,43350.593031
130.757797,33.390667,-22532.162114,43349.912205
130.760922,33.390667,-22241.393215,43349.240109
130.764048,33.390667,-21950.624343,43348.576743
130.767173,33.390667,-21659.855496,43347.922106
130.770299,33.390667,-21369.086675,43347.276199
130.773424,33.390667,-21078.317879,43346.639021
130.776550,33.390667,-20787.549108,43346.010573
130.779676,33.390667,-20496.780361,43345.390855
130.782801,33.390667,-20206.011639,43344.779866
130.785927,33.390667,-19915.242941,43344.177607
130.789052,33.390667,-19624.474266,43343.584077
130.792178,33.390667,-19333.705615,43342.999277
130.795303,33.390667,-19042.936986,43342.423206
130.798429,33.390667,-18752.168380,43341.855865
130.801554,33.390667,-18461.399796,43341.297254
130.804680,33.390667,-18170.631234,43340.747372
130.807805,33.390667,-17879.862694,43340.206219
130.810931,33.390667,-17589.094175,43339.673796
130.814056,33.390667,-17298.325676,43339.150103
130.817182,33.390667,-17007.557198,43338.635139
130.820307,33.390667,-16716.788740,43338.128904
130.823433,33.390667,-16426.020302,43337.631399
130.826559,33.390667,-16135.251883,43337.142624
130.829684,33.390667,-15844.483483,43336.662578
130.832810,33.390667,-15553.715102,43336.191261
130.835935,33.390667,-15262.946740,43335.728674
130.839061,33.390667,-14972.178395,43335.274817
130.714039,33.392749,-26602.295257,43591.193698
130.717165,33.392749,-26311.532888,43590.399362
130.720290,33.392749,-26020.770550,43589.613756
130.723416,33.392749,-25730.008242,43588.836880
130.726541,33.392749,-25439.245965,43588.068734
130.729667,33.392749,-25148.483718,43587.309318
130.732793,33.392749,-24857.721501,43586.558632
130.735918,33.392749,-24566.959313,43585.816675
130.739044,33.392749,-24276.197154,43585.083449
130.742169,33.392749,-23985.435024,43584.358952
130.745295,33.392749,-23694.672923,43583.643186
130.748420,33.392749,-23403.910849,43582.936149
130.751546,33.392749,-23113.148803,43582.237843
130.754671,33.392749,-22822.386784,43581.548266
130.757797,33.392749,-22531.624793,43580.867419
130.760922,33.392749,-22240.862828,43580.195302
130.764048,33.392749,-21950.100889,43579.531915
130.767173,33.392749,-21659.338976,43578.877257
130.770299,33.392749,-21368.577089,43578.231330
130.773424,33.392749,-21077.815227,43577.594132
130.776550,33.392749,-20787.053390,43576.965665
130.779676,33.392749,-20496.291578,43576.345927
130.782801,33.392749,-20205.529790,43575.734919
130.785927,33.392749,-19914.768026,43575.132641
130.789052,33.392749,-19624.006285,43574.539093
130.792178,33.392749,-19333.244567,43573.954274
130.795303,33.392749,-19042.482873,43573.378185
130.798429,33.392749,-18751.721201,43572.810826
130.801554,33.392749,-18460.959551,43572.252197
130.804680,33.392749,-18170.197923,43571.702298
130.807805,33.392749,-17879.436316,43571.161129
130.810931,33.392749,-17588.674731,43570.628689
130.814056,33.392749,-17297.913166,43570.104979
130.817182,33.392749,-17007.151622,43569.589999
130.820307,33.392749,-16716.390098,43569.083749
130.823433,33.392749,-16425.628594,43568.586228
130.826559,33.392749,-16134.867109,43568.097438
130.829684,33.392749,-15844.105643,43567.617377
130.832810,33.392749,-15553.344196,43567.146045
130.835935,33.392749,-15262.582768,43566.683444
130.839061,33.392749,-14971.821357,43566.229572
130.714039,33.394832,-26601.660823,43822.149312
130.717165,33.394832,-26310.905388,43821.354951
130.720290,33.394832,-26020.149985,43820.569321
130.723416,33.394832,-25729.394612,43819.792420
130.726541,33.394832,-25438.639269,43819.024250
130.729667,33.394832,-25147.883957,43818.264810
130.732793,33.394832,-24857.128674,43817.514101
130.735918,33.394832,-24566.373420,43816.772121
130.739044,33.394832,-24275.618196,43816.038872
130.742169,33.394832,-23984.863001,43815.314353
130.745295,33.394832,-23694.107833,43814.598564
130.748420,33.394832,-23403.352694,43813.891505
130.751546,33.394832,-23112.597583,43813.193176
130.754671,33.394832,-22821.842498,43812.503578
130.757797,33.394832,-22531.087441,43811.822710
130.760922,33.394832,-22240.332411,43811.150572
130.764048,33.394832,-21949.577406,43810.487164
130.767173,33.394832,-21658.822428,43809.832486
130.770299,33.394832,-21368.067475,43809.186538
130.773424,33.394832,-21077.312548,43808.549321
130.776550,33.394832,-20786.557645,43807.920834
130.779676,33.394832,-20495.802767,43807.301076
130.782801,33.394832,-20205.047914,43806.690049
130.785927,33.394832,-19914.293084,43806.087752
130.789052,33.394832,-19623.538277,43805.494185
130.792178,33.394832,-19332.783494,43804.909349
130.795303,33.394832,-19042.028734,43804.333242
130.798429,33.394832,-18751.273996,43803.765865
130.801554,33.394832,-18460.519281,43803.207219
130.804680,33.394832,-18169.764587,43802.657302
130.807805,33.394832,-17879.009915,43802.116116
130.810931,33.394832,-17588.255264,43801.583660
130.814056,33.394832,-17297.500634,43801.059933
130.817182,33.394832,-17006.746024,43800.544937
130.820307,33.394832,-16715.991434,43800.038671
130.823433,33.394832,-16425.236864,43799.541135
130.826559,33.394832,-16134.482314,43799.052329
130.829684,33.394832,-15843.727782,43798.572253
130.832810,33.394832,-15552.973270,43798.100907
130.835935,33.394832,-15262.218775,43797.638291
130.839061,33.394832,-14971.464299,43797.184405
130.714039,33.396914,-26601.026354,44053.105004
130.717165,33.396914,-26310.277854,44052.310618
130.720290,33.396914,-26019.529385,44051.524963
130.723416,33.396914,-25728.780947,44050.748038
130.726541,33.396914,-25438.032539,44049.979844
130.729667,33.396914,-25147.284162,44049.220380
130.732793,33.396914,-24856.535814,44048.469647
130.735918,33.396914,-24565.787495,44047.727644
130.739044,33.396914,-24275.039206,44046.994372
130.742169,33.396914,-23984.290945,44046.269830
130.745295,33.396914,-23693.542713,44045.554019
130.748420,33.396914,-23402.794508,44044.846938
130.751546,33.396914,-23112.046332,44044.148588
130.754671,33.396914,-22821.298182,44043.458968
130.757797,33.396914,-22530.550060,44042.778078
130.760922,33.396914,-22239.801964,44042.105919
130.764048,33.396914,-21949.053895,44041.442491
130.767173,33.396914,-21658.305851,44040.787792
130.770299,33.396914,-21367.557833,44040.141824
130.773424,33.396914,-21076.809840,44039.504587
130.776550,33.396914,-20786.061873,44038.876080
130.779676,33.396914,-20495.313929,44038.256303
130.782801,33.396914,-20204.566011,44037.645257
130.785927,33.396914,-19913.818116,44037.042941
130.789052,33.396914,-19623.070244,44036.449356
130.792178,33.396914,-19332.322396,44035.864501
130.795303,33.396914,-19041.574570,44035.288376
130.798429,33.396914,-18750.826767,44034.720982
130.801554,33.396914,-18460.078987,44034.162318
130.804680,33.396914,-18169.331228,44033.612384
130.807805,33.396914,-17878.583490,44033.071181
130.810931,33.396914,-17587.835774,44032.538708
130.814056,33.396914,-17297.088078,44032.014965
130.817182,33.396914,-17006.340403,44031.499953
130.820307,33.396914,-16715.592748,44030.993671
130.823433,33.396914,-16424.845113,44030.496119
130.826559,33.396914,-16134.097497,44030.007298
130.829684,33.396914,-15843.349901,44029.527207
130.832810,33.396914,-15552.602323,44029.055846
130.835935,33.396914,-15261.854763,44028.593216
130.839061,33.396914,-14971.107222,44028.139316
130.714039,33.398997,-26600.391850,44284.060773
130.717165,33.398997,-26309.650285,44283.266362
130.720290,33.398997,-26018.908751,44282.480682
130.723416,33.398997,-25728.167248,44281.703733
130.726541,33.398997,-25437.425776,44280.935515
130.729667,33.398997,-25146.684334,44280.176028
130.732793,33.398997,-24855.942921,44279.425271
130.735918,33.398997,-24565.201538,44278.683245
130.739044,33.398997,-24274.460183,44277.949950
130.742169,33.398997,-23983.718858,44277.225385
130.745295,33.398997,-23692.977561,44276.509552
130.748420,33.398997,-23402.236292,44275.802449
130.751546,33.398997,-23111.495050,44275.104076
130.754671,33.398997,-22820.753836,44274.414435
130.757797,33.398997,-22530.012649,44273.733524
130.760922,33.398997,-22239.271488,44273.061344
130.764048,33.398997,-21948.530354,44272.397895
130.767173,33.398997,-21657.789245,44271.743176
130.770299,33.398997,-21367.048163,44271.097188
130.773424,33.398997,-21076.307105,44270.459931
130.776550,33.398997,-20785.566073,44269.831404
130.779676,33.398997,-20494.825065,44269.211608
130.782801,33.398997,-20204.084081,44268.600543
130.785927,33.398997,-19913.343121,44267.998208
130.789052,33.398997,-19622.602185,44267.404604
130.792178,33.398997,-19331.861271,44266.819731
130.795303,33.398997,-19041.120381,44266.243588
130.798429,33.398997,-18750.379513,44265.676176
130.801554,33.398997,-18459.638668,44265.117494
130.804680,33.398997,-18168.897844,44264.567543
130.807805,33.398997,-17878.157042,44264.026323
130.810931,33.398997,-17587.416260,44263.493834
130.814056,33.398997,-17296.675500,44262.970075
130.817182,33.398997,-17005.934760,44262.455046
130.820307,33.398997,-16715.194040,44261.948748
130.823433,33.398997,-16424.453340,44261.451181
130.826559,33.398997,-16133.712660,44260.962344
130.829684,33.398997,-15842.971998,44260.482238
130.832810,33.398997,-15552.231355,44260.010863
130.835935,33.398997,-15261.490731,44259.548218
130.839061,33.398997,-14970.750124,44259.094304
130.714039,33.401079,-26599.757310,44515.016619
130.717165,33.401079,-26309.022681,44514.222184
130.720290,33.401079,-26018.288083,44513.436479
130.723416,33.401079,-25727.553516,44512.659506
130.726541,33.401079,-25436.818979,44511.891264
130.729667,33.401079,-25146.084472,44511.131752
130.732793,33.401079,-24855.349995,44510.380972
130.735918,33.401079,-24564.615547,44509.638923
130.739044,33.401079,-24273.881129,44508.905605
130.742169,33.401079,-23983.146739,44508.181018
130.745295,33.401079,-23692.412377,44507.465162
130.748420,33.401079,-23401.678044,44506.758037
130.751546,33.401079,-23110.943738,44506.059643
130.754671,33.401079,-22820.209459,44505.369980
130.757797,33.401079,-22529.475208,44504.689048
130.760922,33.401079,-22238.740983,44504.016846
130.764048,33.401079,-21948.006784,44503.353376
130.767173,33.401079,-21657.272611,44502.698637
130.770299,33.401079,-21366.538464,44502.052629
130.773424,33.401079,-21075.804342,44501.415352
130.776550,33.401079,-20785.070245,44500.786805
130.779676,33.401079,-20494.336173,44500.166990
130.782801,33.401079,-20203.602124,44499.555906
130.785927,33.401079,-19912.868100,44498.953552
130.789052,33.401079,-19622.134099,44498.359929
130.792178,33.401079,-19331.400122,44497.775038
130.795303,33.401079,-19040.666167,44497.198877
130.798429,33.401079,-18749.932235,44496.631447
130.801554,33.401079,-18459.198325,44496.072748
130.804680,33.401079,-18168.464436,44495.522780
130.807805,33.401079,-17877.730569,44494.981543
130.810931,33.401079,-17586.996724,44494.449037
130.814056,33.401079,-17296.262899,44493.925261
130.817182,33.401079,-17005.529094,44493.410217
130.820307,33.401079,-16714.795310,44492.903903
130.823433,33.401079,-16424.061546,44492.406320
130.826559,33.401079,-16133.327800,44491.917469
130.829684,33.401079,-15842.594074,44491.437347
130.832810,33.401079,-15551.860367,44490.965957
130.835935,33.401079,-15261.126678,44490.503298
130.839061,33.401079,-14970.393007,44490.049369
130.714039,33.403162,-26599.122735,44745.972543
130.717165,33.403162,-26308.395042,44745.178083
130.720290,33.403162,-26017.667380,44744.392354
130.723416,33.403162,-25726.939749,44743.615356
130.726541,33.403162,-25436.212148,44742.847090
130.729667,33.403162,-25145.484577,44742.087555
130.732793,33.403162,-24854.757036,44741.336751
130.735918,33.403162,-24564.029525,44740.594679
130.739044,33.403162,-24273.302042,44739.861338
130.742169,33.403162,-23982.574588,44739.136728
130.745295,33.403162,-23691.847163,44738.420850
130.748420,33.403162,-23401.119765,44737.713702
130.751546,33.403162,-23110.392395,44737.015287
130.754671,33.403162,-22819.665053,44736.325602
130.757797,33.403162,-22528.937737,44735.644649
130.760922,33.403162,-22238.210448,44734.972426
130.764048,33.403162,-21947.483185,44734.308936
130.767173,33.403162,-21656.755948,44733.654176
130.770299,33.403162,-21366.028737,44733.008147
130.773424,33.403162,-21075.301551,44732.370850
130.776550,33.403162,-20784.574390,44731.742284
130.779676,33.403162,-20493.847254,44731.122450
130.782801,33.403162,-20203.120141,44730.511346
130.785927,33.403162,-19912.393053,44729.908974
130.789052,33.403162,-19621.665988,44729.315333
130.792178,33.403162,-19330.938946,44728.730423
130.795303,33.403162,-19040.211927,44728.154244
130.798429,33.403162,-18749.484931,44727.586796
130.801554,33.403162,-18458.757957,44727.028080
130.804680,33.403162,-18168.031005,44726.478095
130.807805,33.403162,-17877.304074,44725.936840
130.810931,33.403162,-17586.577164,44725.404318
130.814056,33.403162,-17295.850275,44724.880526
130.817182,33.403162,-17005.123406,44724.365465
130.820307,33.403162,-16714.396558,44723.859136
130.823433,33.403162,-16423.669729,44723.361537
130.826559,33.403162,-16132.942920,44722.872670
130.829684,33.403162,-15842.216130,44722.392534
130.832810,33.403162,-15551.489358,44721.921129
130.835935,33.403162,-15260.762605,44721.458455
130.839061,33.403162,-14970.035870,44721.004513
130.714039,33.405244,-26598.488125,44976.928544
130.717165,33.405244,-26307.767368,44976.134059
130.720290,33.405244,-26017.046643,44975.348306
130.723416,33.405244,-25726.325948,44974.571284
130.726541,33.405244,-25435.605284,44973.802993
130.729667,33.405244,-25144.884649,44973.043435
130.732793,33.405244,-24854.164045,44972.292608
130.735918,33.405244,-24563.443470,44971.550512
130.739044,33.405244,-24272.722923,44970.817148
130.742169,33.405244,-23982.002406,44970.092516
130.745295,33.405244,-23691.281917,44969.376615
130.748420,33.405244,-23400.561455,44968.669446
130.751546,33.405244,-23109.841022,44967.971008
130.754671,33.405244,-22819.120616,44967.281302
130.757797,33.405244,-22528.400236,44966.600327
130.760922,33.405244,-22237.679884,44965.928084
130.764048,33.405244,-21946.959557,44965.264572
130.767173,33.405244,-21656.239257,44964.609792
130.770299,33.405244,-21365.518982,44963.963743
130.773424,33.405244,-21074.798732,44963.326426
130.776550,33.405244,-20784.078508,44962.697841
130.779676,33.405244,-20493.358307,44962.077987
130.782801,33.405244,-20202.638131,44961.466864
130.785927,33.405244,-19911.917979,44960.864473
130.789052,33.405244,-19621.197851,44960.270813
130.792178,33.405244,-19330.477745,44959.685885
130.795303,33.405244,-19039.757663,44959.109688
130.798429,33.405244,-18749.037603,44958.542223
130.801554,33.405244,-18458.317565,44957.983489
130.804680,33.405244,-18167.597549,44957.433486
130.807805,33.405244,-17876.877554,44956.892215
130.810931,33.405244,-17586.157581,44956.359676
130.814056,33.405244,-17295.437628,44955.835868
130.817182,33.405244,-17004.717696,44955.320791
130.820307,33.405244,-16713.997783,44954.814446
130.823433,33.405244,-16423.277891,44954.316832
130.826559,33.405244,-16132.558018,44953.827949
130.829684,33.405244,-15841.838164,44953.347798
130.832810,33.405244,-15551.118329,44952.876379
130.835935,33.405244,-15260.398512,44952.413690
130.839061,33.405244,-14969.678713,44951.959734
130.714039,33.407327,-26597.853480,45207.884623
130.717165,33.407327,-26307.139660,45207.090113
130.720290,33.407327,-26016.425871,45206.304335
130.723416,33.407327,-25725.712113,45205.527289
130.726541,33.407327,-25434.998386,45204.758974
130.729667,33.407327,-25144.284688,45203.999392
130.732793,33.407327,-24853.571020,45203.248541
130.735918,33.407327,-24562.857382,45202.506423
130.739044,33.407327,-24272.143772,45201.773036
130.742169,33.407327,-23981.430192,45201.048381
130.745295,33.407327,-23690.716639,45200.332458
130.748420,33.407327,-23400.003115,45199.625266
130.751546,33.407327,-23109.289618,45198.926807
130.754671,33.407327,-22818.576148,45198.237079
130.757797,33.407327,-22527.862706,45197.556083
130.760922,33.407327,-22237.149290,45196.883819
130.764048,33.407327,-21946.435900,45196.220286
130.767173,33.407327,-21655.722537,45195.565486
130.770299,33.407327,-21365.009198,45194.919417
130.773424,33.407327,-21074.295886,45194.282080
130.776550,33.407327,-20783.582598,45193.653475
130.779676,33.407327,-20492.869334,45193.033601
130.782801,33.407327,-20202.156095,45192.422460
130.785927,33.407327,-19911.442879,45191.820050
130.789052,33.407327,-19620.729687,45191.226371
130.792178,33.407327,-19330.016519,45190.641425
130.795303,33.407327,-19039.303373,45190.065210
130.798429,33.407327,-18748.590250,45189.497727
130.801554,33.407327,-18457.877148,45188.938976
130.804680,33.407327,-18167.164069,45188.388956
130.807805,33.407327,-17876.451011,45187.847668
130.810931,33.407327,-17585.737974,45187.315112
130.814056,33.407327,-17295.024958,45186.791287
130.817182,33.407327,-17004.311962,45186.276195
130.820307,33.407327,-16713.598987,45185.769833
130.823433,33.407327,-16422.886031,45185.272204
130.826559,33.407327,-16132.173095,45184.783306
130.829684,33.407327,-15841.460177,45184.303140
130.832810,33.407327,-15550.747279,45183.831706
130.835935,33.407327,-15260.034398,45183.369003
130.839061,33.407327,-14969.321536,45182.915032
130.714039,33.409410,-26597.218799,45438.840779
130.717165,33.409410,-26306.511917,45438.046244
130.720290,33.409410,-26015.805065,45437.260442
130.723416,33.409410,-25725.098244,45436.483371
130.726541,33.409410,-25434.391454,45435.715033
130.729667,33.409410,-25143.684694,45434.955427
130.732793,33.409410,-24852.977963,45434.204553
130.735918,33.409410,-24562.271262,45433.462411
130.739044,33.409410,-24271.564589,45432.729001
130.742169,33.409410,-23980.857946,45432.004323
130.745295,33.409410,-23690.151331,45431.288378
130.748420,33.409410,-23399.444743,45430.581164
130.751546,33.409410,-23108.738184,45429.882683
130.754671,33.409410,-22818.031651,45429.192934
130.757797,33.409410,-22527.325146,45428.511916
130.760922,33.409410,-22236.618667,45427.839631
130.764048,33.409410,-21945.912214,45427.176078
130.767173,33.409410,-21655.205788,45426.521257
130.770299,33.409410,-21364.499387,45425.875168
130.773424,33.409410,-21073.793011,45425.237811
130.776550,33.409410,-20783.086660,45424.609186
130.779676,33.409410,-20492.380334,45423.989293
130.782801,33.409410,-20201.674031,45423.378133
130.785927,33.409410,-19910.967753,45422.775704
130.789052,33.409410,-19620.261498,45422.182007
130.792178,33.409410,-19329.555267,45421.597042
130.795303,33.409410,-19038.849058,45421.020809
130.798429,33.409410,-18748.142872,45420.453309
130.801554,33.409410,-18457.436707,45419.894540
130.804680,33.409410,-18166.730565,45419.344503
130.807805,33.409410,-17876.024444,45418.803198
130.810931,33.409410,-17585.318344,45418.270625
130.814056,33.409410,-17294.612265,45417.746784
130.817182,33.409410,-17003.906207,45417.231676
130.820307,33.409410,-16713.200168,45416.725299
130.823433,33.409410,-16422.494149,45416.227654
130.826559,33.409410,-16131.788150,45415.738741
130.829684,33.409410,-15841.082170,45415.258560
130.832810,33.409410,-15550.376208,45414.787110
130.835935,33.409410,-15259.670265,45414.324393
130.839061,33.409410,-14968.964340,45413.870408
130.714039,33.411492,-26596.584084,45669.797013
130.717165,33.411492,-26305.884139,45669.002453
130.720290,33.411492,-26015.184225,45668.216626
130.723416,33.411492,-25724.484341,45667.439531
130.726541,33.411492,-25433.784489,45666.671169
130.729667,33.411492,-25143.084666,45665.911539
130.732793,33.411492,-24852.384873,45665.160641
130.735918,33.411492,-24561.685109,45664.418476
130.739044,33.411492,-24270.985374,45663.685044
130.742169,33.411492,-23980.285668,45662.960343
130.745295,33.411492,-23689.585990,45662.244375
130.748420,33.411492,-23398.886341,45661.537140
130.751546,33.411492,-23108.186719,45660.838637
130.754671,33.411492,-22817.487124,45660.148866
130.757797,33.411492,-22526.787556,45659.467827
130.760922,33.411492,-22236.088014,45658.795521
130.764048,33.411492,-21945.388499,45658.131947
130.767173,33.411492,-21654.689010,45657.477106
130.770299,33.411492,-21363.989547,45656.830997
130.773424,33.411492,-21073.290108,45656.193620
130.776550,33.411492,-20782.590695,45655.564975
130.779676,33.411492,-20491.891306,45654.945063
130.782801,33.411492,-20201.191941,45654.333883
130.785927,33.411492,-19910.492601,45653.731435
130.789052,33.411492,-19619.793283,45653.137720
130.792178,33.411492,-19329.093989,45652.552737
130.795303,33.411492,-19038.394718,45651.976486
130.798429,33.411492,-18747.695469,45651.408968
130.801554,33.411492,-18456.996242,45650.850182
130.804680,33.411492,-18166.297037,45650.300128
130.807805,33.411492,-17875.597854,45649.758806
130.810931,33.411492,-17584.898691,45649.226216
130.814056,33.411492,-17294.199550,45648.702359
130.817182,33.411492,-17003.500429,45648.187234
130.820307,33.411492,-16712.801328,45647.680841
130.823433,33.411492,-16422.102246,45647.183181
130.826559,33.411492,-16131.403184,45646.694253
130.829684,33.411492,-15840.704141,45646.214056
130.832810,33.411492,-15550.005117,45645.742593
130.835935,33.411492,-15259.306111,45645.279861
130.839061,33.411492,-14968.607123,45644.825861
130.714039,33.413575,-26595.949333,45900.753324
130.717165,33.413575,-26305.256326,45899.958739
130.720290,33.413575,-26014.563350,45899.172888
130.723416,33.413575,-25723.870405,45898.395769
130.726541,33.413575,-25433.177490,45897.627382
130.729667,33.413575,-25142.484605,45896.867729
130.732793,33.413575,-24851.791750,45896.116808
130.735918,33.413575,-24561.098924,45895.374619
130.739044,33.413575,-24270.406127,45894.641164
130.742169,33.413575,-23979.713359,45893.916441
130.745295,33.413575,-23689.020619,45893.200451
130.748420,33.413575,-23398.327907,45892.493193
130.751546,33.413575,-23107.635223,45891.794668
130.754671,33.413575,-22816.942566,45891.104876
130.757797,33.413575,-22526.249936,45890.423816
130.760922,33.413575,-22235.557333,45889.751489
130.764048,33.413575,-21944.864755,45889.087894
130.767173,33.413575,-21654.172204,45888.433032
130.770299,33.413575,-21363.479678,45887.786903
130.773424,33.413575,-21072.787178,45887.149506
130.776550,33.413575,-20782.094702,45886.520842
130.779676,33.413575,-20491.402251,45885.900910
130.782801,33.413575,-20200.709825,45885.289711
130.785927,33.413575,-19910.017422,45884.687245
130.789052,33.413575,-19619.325042,45884.093511
130.792178,33.413575,-19328.632686,45883.508510
130.795303,33.413575,-19037.940352,45882.932241
130.798429,33.413575,-18747.248041,45882.364705
130.801554,33.413575,-18456.555752,45881.805901
130.804680,33.413575,-18165.863485,45881.255830
130.807805,33.413575,-17875.171240,45880.714491
130.810931,33.413575,-17584.479015,45880.181885
130.814056,33.413575,-17293.786811,45879.658011
130.817182,33.413575,-17003.094628,45879.142870
130.820307,33.413575,-16712.402465,45878.636462
130.823433,33.413575,-16421.710321,45878.138786
130.826559,33.413575,-16131.018197,45877.649842
130.829684,33.413575,-15840.326092,45877.169631
130.832810,33.413575,-15549.634005,45876.698152
130.835935,33.413575,-15258.941937,45876.235406
130.839061,33.413575,-14968.249887,45875.781393
130.714039,33.415657,-26595.314547,46131.709712
130.717165,33.415657,-26304.628478,46130.915103
130.720290,33.415657,-26013.942440,46130.129227
130.723416,33.415657,-25723.256434,46129.352083
130.726541,33.415657,-25432.570457,46128.583673
130.729667,33.415657,-25141.884511,46127.823996
130.732793,33.415657,-24851.198594,46127.073051
130.735918,33.415657,-24560.512706,46126.330840
130.739044,33.415657,-24269.826848,46125.597361
130.742169,33.415657,-23979.141018,46124.872616
130.745295,33.415657,-23688.455216,46124.156603
130.748420,33.415657,-23397.769443,46123.449323
130.751546,33.415657,-23107.083697,46122.750777
130.754671,33.415657,-22816.397978,46122.060963
130.757797,33.415657,-22525.712286,46121.379882
130.760922,33.415657,-22235.026621,46120.707534
130.764048,33.415657,-21944.340982,46120.043918
130.767173,33.415657,-21653.655369,46119.389036
130.770299,33.415657,-21362.969782,46118.742886
130.773424,33.415657,-21072.284220,46118.105470
130.776550,33.415657,-20781.598682,46117.476786
130.779676,33.415657,-20490.913170,46116.856835
130.782801,33.415657,-20200.227681,46116.245617
130.785927,33.415657,-19909.542216,46115.643132
130.789052,33.415657,-19618.856775,46115.049379
130.792178,33.415657,-19328.171357,46114.464360
130.795303,33.415657,-19037.485962,46113.888073
130.798429,33.415657,-18746.800589,46113.320519
130.801554,33.415657,-18456.115238,46112.761698
130.804680,33.415657,-18165.429909,46112.211609
130.807805,33.415657,-17874.744602,46111.670254
130.810931,33.415657,-17584.059316,46111.137631
130.814056,33.415657,-17293.374050,46110.613741
130.817182,33.415657,-17002.688805,46110.098584
130.820307,33.415657,-16712.003580,46109.592160
130.823433,33.415657,-16421.318374,46109.094468
130.826559,33.415657,-16130.633188,46108.605509
130.829684,33.415657,-15839.948021,46108.125283
130.832810,33.415657,-15549.262873,46107.653790
130.835935,33.415657,-15258.577743,46107.191029
130.839061,33.415657,-14967.892631,46106.737001
130.714039,33.417740,-26594.679725,46362.666178
130.717165,33.417740,-26304.000596,46361.871544
130.720290,33.417740,-26013.321497,46361.085643
130.723416,33.417740,-25722.642429,46360.308476
130.726541,33.417740,-25431.963391,46359.540041
130.729667,33.417740,-25141.284383,46358.780340
130.732793,33.417740,-24850.605405,46358.029373
130.735918,33.417740,-24559.926456,46357.287138
130.739044,33.417740,-24269.247536,46356.553637
130.742169,33.417740,-23978.568645,46355.828868
130.745295,33.417740,-23687.889782,46355.112833
130.748420,33.417740,-23397.210947,46354.405532
130.751546,33.417740,-23106.532140,46353.706963
130.754671,33.417740,-22815.853360,46353.017127
130.757797,33.417740,-22525.174607,46352.336025
130.760922,33.417740,-22234.495881,46351.663656
130.764048,33.417740,-21943.817180,46351.000020
130.767173,33.417740,-21653.138506,46350.345117
130.770299,33.417740,-21362.459857,46349.698948
130.773424,33.417740,-21071.781234,46349.061511
130.776550,33.417740,-20781.102635,46348.432808
130.779676,33.417740,-20490.424061,46347.812837
130.782801,33.417740,-20199.745511,46347.201600
130.785927,33.417740,-19909.066985,46346.599096
130.789052,33.417740,-19618.388482,46346.005325
130.792178,33.417740,-19327.710003,46345.420287
130.795303,33.417740,-19037.031546,46344.843982
130.798429,33.417740,-18746.353112,46344.276411
130.801554,33.417740,-18455.674700,46343.717572
130.804680,33.417740,-18164.996309,46343.167467
130.807805,33.417740,-17874.317940,46342.626094
130.810931,33.417740,-17583.639593,46342.093455
130.814056,33.417740,-17292.961266,46341.569549
130.817182,33.417740,-17002.282959,46341.054375
130.820307,33.417740,-16711.604673,46340.547935
130.823433,33.417740,-16420.926406,46340.050228
130.826559,33.417740,-16130.248158,46339.561254
130.829684,33.417740,-15839.569930,46339.081013
130.832810,33.417740,-15548.891720,46338.609505
130.835935,33.417740,-15258.213529,46338.146730
130.839061,33.417740,-14967.535356,46337.692688
130.714039,33.419822,-26594.044869,46593.622721
130.717165,33.419822,-26303.372678,46592.828063
130.720290,33.419822,-26012.700519,46592.042137
130.723416,33.419822,-25722.028390,46591.264946
130.726541,33.419822,-25431.356291,46590.496487
130.729667,33.419822,-25140.684222,46589.736763
130.732793,33.419822,-24850.012183,46588.985771
130.735918,33.419822,-24559.340173,46588.243514
130.739044,33.419822,-24268.668193,46587.509989
130.742169,33.419822,-23977.996241,46586.785198
130.745295,33.419822,-23687.324317,46586.069141
130.748420,33.419822,-23396.652421,46585.361817
130.751546,33.419822,-23105.980553,46584.663227
130.754671,33.419822,-22815.308712,46583.973370
130.757797,33.419822,-22524.636898,46583.292246
130.760922,33.419822,-22233.965110,46582.619856
130.764048,33.419822,-21943.293349,46581.956199
130.767173,33.419822,-21652.621614,46581.301276
130.770299,33.419822,-21361.949904,46580.655086
130.773424,33.419822,-21071.278220,46580.017630
130.776550,33.419822,-20780.606560,46579.388907
130.779676,33.419822,-20489.934925,46578.768917
130.782801,33.419822,-20199.263314,46578.157661
130.785927,33.419822,-19908.591727,46577.555138
130.789052,33.419822,-19617.920163,46576.961348
130.792178,33.419822,-19327.248623,46576.376292
130.795303,33.419822,-19036.577105,46575.799970
130.798429,33.419822,-18745.905610,46575.232380
130.801554,33.419822,-18455.234137,46574.673524
130.804680,33.419822,-18164.562685,46574.123401
130.807805,33.419822,-17873.891255,46573.582012
130.810931,33.419822,-17583.219847,46573.049356
130.814056,33.419822,-17292.548459,46572.525433
130.817182,33.419822,-17001.877091,46572.010244
130.820307,33.419822,-16711.205743,46571.503788
130.823433,33.419822,-16420.534416,46571.006065
130.826559,33.419822,-16129.863107,46570.517076
130.829684,33.419822,-15839.191818,46570.036820
130.832810,33.419822,-15548.520547,46569.565297
130.835935,33.419822,-15257.849295,46569.102508
130.839061,33.419822,-14967.178060,46568.648452
130.714039,33.421905,-26593.409978,46824.579342
130.717165,33.421905,-26302.744726,46823.784659
130.720290,33.421905,-26012.079506,46822.998709
130.723416,33.421905,-25721.414316,46822.221493
130.726541,33.421905,-25430.749157,46821.453011
130.729667,33.421905,-25140.084028,46820.693262
130.732793,33.421905,-24849.418928,46819.942248
130.735918,33.421905,-24558.753858,46819.199967
130.739044,33.421905,-24268.088817,46818.466419
130.742169,33.421905,-23977.423804,46817.741606
130.745295,33.421905,-23686.758820,46817.025526
130.748420,33.421905,-23396.093864,46816.318180
130.751546,33.421905,-23105.428935,46815.619568
130.754671,33.421905,-22814.764033,46814.929690
130.757797,33.421905,-22524.099159,46814.248545
130.760922,33.421905,-22233.434311,46813.576134
130.764048,33.421905,-21942.769489,46812.912456
130.767173,33.421905,-21652.104693,46812.257513
130.770299,33.421905,-21361.439923,46811.611302
130.773424,33.421905,-21070.775178,46810.973826
130.776550,33.421905,-20780.110457,46810.345083
130.779676,33.421905,-20489.445762,46809.725074
130.782801,33.421905,-20198.781090,46809.113799
130.785927,33.421905,-19908.116442,46808.511257
130.789052,33.421905,-19617.451818,46807.917449
130.792178,33.421905,-19326.787217,46807.332375
130.795303,33.421905,-19036.122639,46806.756034
130.798429,33.421905,-18745.458083,46806.188427
130.801554,33.421905,-18454.793549,46805.629554
130.804680,33.421905,-18164.129037,46805.079414
130.807805,33.421905,-17873.464547,46804.538008
130.810931,33.421905,-17582.800077,46804.005335
130.814056,33.421905,-17292.135629,46803.481396
130.817182,33.421905,-17001.471200,46802.966191
130.820307,33.421905,-16710.806792,46802.459719
130.823433,33.421905,-16420.142404,46801.961981
130.826559,33.421905,-16129.478035,46801.472976
130.829684,33.421905,-15838.813684,46800.992705
130.832810,33.421905,-15548.149353,46800.521167
130.835935,33.421905,-15257.485040,46800.058364
130.839061,33.421905,-14966.820745,46799.604293
130.714039,33.423987,-26592.775051,47055.536041
130.717165,33.423987,-26302.116739,47054.741332
130.720290,33.423987,-26011.458459,47053.955358
130.723416,33.423987,-25720.800209,47053.178118
130.726541,33.423987,-25430.141990,47052.409612
130.729667,33.423987,-25139.483801,47051.649839
130.732793,33.423987,-24848.825641,47050.898801
130.735918,33.423987,-24558.167511,47050.156497
130.739044,33.423987,-24267.509409,47049.422927
130.742169,33.423987,-23976.851336,47048.698091
130.745295,33.423987,-23686.193292,47047.981989
130.748420,33.423987,-23395.535275,47047.274621
130.751546,33.423987,-23104.877287,47046.575987
130.754671,33.423987,-22814.219325,47045.886087
130.757797,33.423987,-22523.561390,47045.204921
130.760922,33.423987,-22232.903482,47044.532489
130.764048,33.423987,-21942.245600,47043.868791
130.767173,33.423987,-21651.587744,47043.213826
130.770299,33.423987,-21360.929913,47042.567596
130.773424,33.423987,-21070.272108,47041.930100
130.776550,33.423987,-20779.614328,47041.301338
130.779676,33.423987,-20488.956572,47040.681309
130.782801,33.423987,-20198.298840,47040.070015
130.785927,33.423987,-19907.641132,47039.467455
130.789052,33.423987,-19616.983447,47038.873628
130.792178,33.423987,-19326.325786,47038.288535
130.795303,33.423987,-19035.668147,47037.712177
130.798429,33.423987,-18745.010531,47037.144552
130.801554,33.423987,-18454.352937,47036.585661
130.804680,33.423987,-18163.695365,47036.035504
130.807805,33.423987,-17873.037814,47035.494081
130.810931,33.423987,-17582.380285,47034.961391
130.814056,33.423987,-17291.722776,47034.437436
130.817182,33.423987,-17001.065287,47033.922215
130.820307,33.423987,-16710.407819,47033.415727
130.823433,33.423987,-16419.750370,47032.917973
130.826559,33.423987,-16129.092941,47032.428953
130.829684,33.423987,-15838.435530,47031.948667
130.832810,33.423987,-15547.778139,47031.477115
130.835935,33.423987,-15257.120765,47031.014297
130.839061,33.423987,-14966.463410,47030.560212
130.714039,33.426070,-26592.140089,47286.492817
130.717165,33.426070,-26301.488718,47285.698083
130.720290,33.426070,-26010.837378,47284.912085
130.723416,33.426070,-25720.186068,47284.134820
130.726541,33.426070,-25429.534789,47283.366290
130.729667,33.426070,-25138.883540,47282.606494
130.732793,33.426070,-24848.232321,47281.855432
130.735918,33.426070,-24557.581131,47281.113105
130.739044,33.426070,-24266.929969,47280.379512
130.742169,33.426070,-23976.278837,47279.654654
130.745295,33.426070,-23685.627733,47278.938529
130.748420,33.426070,-23394.976656,47278.231139
130.751546,33.426070,-23104.325608,47277.532483
130.754671,33.426070,-22813.674586,47276.842562
130.757797,33.426070,-22523.023592,47276.161374
130.760922,33.426070,-22232.372624,47275.488921
130.764048,33.426070,-21941.721682,47274.825202
130.767173,33.426070,-21651.070766,47274.170218
130.770299,33.426070,-21360.419875,47273.523968
130.773424,33.426070,-21069.769010,47272.886451
130.776550,33.426070,-20779.118170,47272.257670
130.779676,33.426070,-20488.467354,47271.637622
130.782801,33.426070,-20197.816563,47271.026308
130.785927,33.426070,-19907.165795,47270.423729
130.789052,33.426070,-19616.515050,47269.829884
130.792178,33.426070,-19325.864329,47269.244773
130.795303,33.426070,-19035.213631,47268.668396
130.798429,33.426070,-18744.562955,47268.100754
130.801554,33.426070,-18453.912301,47267.541846
130.804680,33.426070,-18163.261669,47266.991671
130.807805,33.426070,-17872.611058,47266.450231
130.810931,33.426070,-17581.960469,47265.917526
130.814056,33.426070,-17291.309900,47265.393554
130.817182,33.426070,-17000.659352,47264.878316
130.820307,33.426070,-16710.008823,47264.371813
130.823433,33.426070,-16419.358315,47263.874044
130.826559,33.426070,-16128.707825,47263.385008
130.829684,33.426070,-15838.057355,47262.904707
130.832810,33.426070,-15547.406903,47262.433141
130.835935,33.426070,-15256.756470,47261.970308
130.839061,33.426070,-14966.106055,47261.516209
130.714039,33.428152,-26591.505092,47517.449670
130.717165,33.428152,-26300.860661,47516.654912
130.720290,33.428152,-26010.216262,47515.868889
130.723416,33.428152,-25719.571893,47515.091600
130.726541,33.428152,-25428.927555,47514.323046
130.729667,33.428152,-25138.283246,47513.563226
130.732793,33.428152,-24847.638967,47512.812141
130.735918,33.428152,-24556.994718,47512.069791
130.739044,33.428152,-24266.350497,47511.336175
130.742169,33.428152,-23975.706305,47510.611294
130.745295,33.428152,-23685.062142,47509.895147
130.748420,33.428152,-23394.418006,47509.187735
130.751546,33.428152,-23103.773898,47508.489057
130.754671,33.428152,-22813.129817,47507.799114
130.757797,33.428152,-22522.485763,47507.117905
130.760922,33.428152,-22231.841736,47506.445431
130.764048,33.428152,-21941.197735,47505.781692
130.767173,33.428152,-21650.553759,47505.126687
130.770299,33.428152,-21359.909809,47504.480416
130.773424,33.428152,-21069.265885,47503.842880
130.776550,33.428152,-20778.621985,47503.214079
130.779676,33.428152,-20487.978110,47502.594012
130.782801,33.428152,-20197.334259,47501.982679
130.785927,33.428152,-19906.690431,47501.380081
130.789052,33.428152,-19616.046628,47500.786218
130.792178,33.428152,-19325.402847,47500.201089
130.795303,33.428152,-19034.759089,47499.624694
130.798429,33.428152,-18744.115354,47499.057034
130.801554,33.428152,-18453.471640,47498.498108
130.804680,33.428152,-18162.827949,47497.947917
130.807805,33.428152,-17872.184279,47497.406460
130.810931,33.428152,-17581.540630,47496.873737
130.814056,33.428152,-17290.897001,47496.349749
130.817182,33.428152,-17000.253394,47495.834495
130.820307,33.428152,-16709.609806,47495.327976
130.823433,33.428152,-16418.966237,47494.830191
130.826559,33.428152,-16128.322689,47494.341141
130.829684,33.428152,-15837.679159,47493.860825
130.832810,33.428152,-15547.035648,47493.389244
130.835935,33.428152,-15256.392155,47492.926396
130.839061,33.428152,-14965.748680,47492.472284
130.714039,33.430235,-26590.870060,47748.406601
130.717165,33.430235,-26300.232570,47747.611818
130.720290,33.430235,-26009.595112,47746.825770
130.723416,33.430235,-25718.957684,47746.048457
130.726541,33.430235,-25428.320287,47745.279879
130.729667,33.430235,-25137.682919,47744.520036
130.732793,33.430235,-24847.045581,47743.768927
130.735918,33.430235,-24556.408273,47743.026554
130.739044,33.430235,-24265.770993,47742.292915
130.742169,33.430235,-23975.133742,47741.568011
130.745295,33.430235,-23684.496520,47740.851842
130.748420,33.430235,-23393.859325,47740.144408
130.751546,33.430235,-23103.222158,47739.445708
130.754671,33.430235,-22812.585018,47738.755744
130.757797,33.430235,-22521.947905,47738.074514
130.760922,33.430235,-22231.310819,47737.402019
130.764048,33.430235,-21940.673758,47736.738259
130.767173,33.430235,-21650.036724,47736.083233
130.770299,33.430235,-21359.399715,47735.436943
130.773424,33.430235,-21068.762731,47734.799387
130.776550,33.430235,-20778.125773,47734.170566
130.779676,33.430235,-20487.488838,47733.550479
130.782801,33.430235,-20196.851928,47732.939128
130.785927,33.430235,-19906.215042,47732.336511
130.789052,33.430235,-19615.578179,47731.742629
130.792178,33.430235,-19324.941339,47731.157481
130.795303,33.430235,-19034.304522,47730.581069
130.798429,33.430235,-18743.667728,47730.013391
130.801554,33.430235,-18453.030955,47729.454448
130.804680,33.430235,-18162.394205,47728.904239
130.807805,33.430235,-17871.757476,47728.362765
130.810931,33.430235,-17581.120767,47727.830026
130.814056,33.430235,-17290.484080,47727.306022
130.817182,33.430235,-16999.847413,47726.790752
130.820307,33.430235,-16709.210766,47726.284217
130.823433,33.430235,-16418.574139,47725.786417
130.826559,33.430235,-16127.937531,47725.297351
130.829684,33.430235,-15837.300942,47724.817020
130.832810,33.430235,-15546.664372,47724.345424
130.835935,33.430235,-15256.027820,47723.882562
130.839061,33.430235,-14965.391286,47723.428435
130.714039,33.432317,-26590.234992,47979.363609
130.717165,33.432317,-26299.604444,47978.568801
130.720290,33.432317,-26008.973927,47977.782729
130.723416,33.432317,-25718.343441,47977.005392
130.726541,33.432317,-25427.712985,47976.236790
130.729667,33.432317,-25137.082559,47975.476923
130.732793,33.432317,-24846.452162,47974.725791
130.735918,33.432317,-24555.821795,47973.983394
130.739044,33.432317,-24265.191457,47973.249733
130.742169,33.432317,-23974.561148,47972.524806
130.745295,33.432317,-23683.930866,47971.808615
130.748420,33.432317,-23393.300613,47971.101159
130.751546,33.432317,-23102.670387,47970.402437
130.754671,33.432317,-22812.040189,47969.712451
130.757797,33.432317,-22521.410017,47969.031200
130.760922,33.432317,-22230.779872,47968.358684
130.764048,33.432317,-21940.149753,47967.694903
130.767173,33.432317,-21649.519660,47967.039858
130.770299,33.432317,-21358.889592,47966.393547
130.773424,33.432317,-21068.259550,47965.755971
130.776550,33.432317,-20777.629533,47965.127130
130.779676,33.432317,-20486.999540,47964.507025
130.782801,33.432317,-20196.369571,47963.895654
130.785927,33.432317,-19905.739626,47963.293018
130.789052,33.432317,-19615.109704,47962.699118
130.792178,33.432317,-19324.479806,47962.113952
130.795303,33.432317,-19033.849930,47961.537521
130.798429,33.432317,-18743.220077,47960.969826
130.801554,33.432317,-18452.590246,47960.410865
130.804680,33.432317,-18161.960437,47959.860640
130.807805,33.432317,-17871.330649,47959.319149
130.810931,33.432317,-17580.700882,47958.786393
130.814056,33.432317,-17290.071136,47958.262372
130.817182,33.432317,-16999.441410,47957.747087
130.820307,33.432317,-16708.811704,47957.240536
130.823433,33.432317,-16418.182018,47956.742720
130.826559,33.432317,-16127.552351,47956.253639
130.829684,33.432317,-15836.922704,47955.773293
130.832810,33.432317,-15546.293075,47955.301682
130.835935,33.432317,-15255.663464,47954.838806
130.839061,33.432317,-14965.033871,47954.384665
130.714039,33.434400,-26589.599889,48210.320695
130.717165,33.434400,-26298.976283,48209.525862
130.720290,33.434400,-26008.352708,48208.739766
130.723416,33.434400,-25717.729164,48207.962404
130.726541,33.434400,-25427.105649,48207.193778
130.729667,33.434400,-25136.482165,48206.433887
130.732793,33.434400,-24845.858711,48205.682732
130.735918,33.434400,-24555.235285,48204.940312
130.739044,33.434400,-24264.611889,48204.206628
130.742169,33.434400,-23973.988521,48203.481679
130.745295,33.434400,-23683.365182,48202.765465
130.748420,33.434400,-23392.741870,48202.057987
130.751546,33.434400,-23102.118586,48201.359244
130.754671,33.434400,-22811.495329,48200.669236
130.757797,33.434400,-22520.872099,48199.987964
130.760922,33.434400,-22230.248896,48199.315427
130.764048,33.434400,-21939.625719,48198.651625
130.767173,33.434400,-21649.002567,48197.996559
130.770299,33.434400,-21358.379442,48197.350228
130.773424,33.434400,-21067.756341,48196.712633
130.776550,33.434400,-20777.133265,48196.083772
130.779676,33.434400,-20486.510214,48195.463647
130.782801,33.434400,-20195.887187,48194.852258
130.785927,33.434400,-19905.264184,48194.249603
130.789052,33.434400,-19614.641204,48193.655684
130.792178,33.434400,-19324.018247,48193.070500
130.795303,33.434400,-19033.395313,48192.494052
130.798429,33.434400,-18742.772401,48191.926338
130.801554,33.434400,-18452.149512,48191.367360
130.804680,33.434400,-18161.526644,48190.817117
130.807805,33.434400,-17870.903798,48190.275610
130.810931,33.434400,-17580.280973,48189.742838
130.814056,33.434400,-17289.658168,48189.218800
130.817182,33.434400,-16999.035384,48188.703499
130.820307,33.434400,-16708.412620,48188.196932
130.823433,33.434400,-16417.789876,48187.699101
130.826559,33.434400,-16127.167151,48187.210005
130.829684,33.434400,-15836.544445,48186.729644
130.832810,33.434400,-15545.921757,48186.258018
130.835935,33.434400,-15255.299088,48185.795128
130.839061,33.434400,-14964.676437,48185.340972
130.714039,33.436483,-26588.964752,48441.277858
130.717165,33.436483,-26298.348088,48440.483001
130.720290,33.436483,-26007.731455,48439.696879
130.723416,33.436483,-25717.114852,48438.919494
130.726541,33.436483,-25426.498280,48438.150844
130.729667,33.436483,-25135.881738,48437.390929
130.732793,33.436483,-24845.265226,48436.639751
130.735918,33.436483,-24554.648743,48435.897308
130.739044,33.436483,-24264.032288,48435.163601
130.742169,33.436483,-23973.415863,48434.438629
130.745295,33.436483,-23682.799465,48433.722393
130.748420,33.436483,-23392.183096,48433.014893
130.751546,33.436483,-23101.566754,48432.316128
130.754671,33.436483,-22810.950439,48431.626099
130.757797,33.436483,-22520.334152,48430.944805
130.760922,33.436483,-22229.717890,48430.272247
130.764048,33.436483,-21939.101655,48429.608425
130.767173,33.436483,-21648.485446,48428.953338
130.770299,33.436483,-21357.869263,48428.306987
130.773424,33.436483,-21067.253104,48427.669372
130.776550,33.436483,-20776.636970,48427.040492
130.779676,33.436483,-20486.020861,48426.420348
130.782801,33.436483,-20195.404776,48425.808939
130.785927,33.436483,-19904.788715,48425.206266
130.789052,33.436483,-19614.172677,48424.612328
130.792178,33.436483,-19323.556662,48424.027126
130.795303,33.436483,-19032.940671,48423.450659
130.798429,33.436483,-18742.324701,48422.882928
130.801554,33.436483,-18451.708754,48422.323933
130.804680,33.436483,-18161.092828,48421.773673
130.807805,33.436483,-17870.476924,48421.232148
130.810931,33.436483,-17579.861041,48420.699360
130.814056,33.436483,-17289.245178,48420.175306
130.817182,33.436483,-16998.629336,48419.659988
130.820307,33.436483,-16708.013514,48419.153406
130.823433,33.436483,-16417.397712,48418.655559
130.826559,33.436483,-16126.781929,48418.166448
130.829684,33.436483,-15836.166165,48417.686072
130.832810,33.436483,-15545.550419,48417.214431
130.835935,33.436483,-15254.934692,48416.751526
130.839061,33.436483,-14964.318983,48416.297357
130.714039,33.438565,-26588.329579,48672.235099
130.717165,33.438565,-26297.719857,48671.440217
130.720290,33.438565,-26007.110167,48670.654071
130.723416,33.438565,-25716.500507,48669.876661
130.726541,33.438565,-25425.890878,48669.107987
130.729667,33.438565,-25135.281278,48668.348049
130.732793,33.438565,-24844.671708,48667.596847
130.735918,33.438565,-24554.062168,48666.854381
130.739044,33.438565,-24263.452656,48666.120651
130.742169,33.438565,-23972.843173,48665.395657
130.745295,33.438565,-23682.233718,48664.679398
130.748420,33.438565,-23391.624291,48663.971876
130.751546,33.438565,-23101.014892,48663.273089
130.754671,33.438565,-22810.405520,48662.583039
130.757797,33.438565,-22519.796174,48661.901724
130.760922,33.438565,-22229.186856,48661.229145
130.764048,33.438565,-21938.577563,48660.565302
130.767173,33.438565,-21647.968296,48659.910195
130.770299,33.438565,-21357.359055,48659.263824
130.773424,33.438565,-21066.749839,48658.626188
130.776550,33.438565,-20776.140648,48657.997289
130.779676,33.438565,-20485.531481,48657.377125
130.782801,33.438565,-20194.922339,48656.765698
130.785927,33.438565,-19904.313220,48656.163006
130.789052,33.438565,-19613.704125,48655.569049
130.792178,33.438565,-19323.095052,48654.983829
130.795303,33.438565,-19032.486003,48654.407345
130.798429,33.438565,-18741.876976,48653.839596
130.801554,33.438565,-18451.267971,48653.280583
130.804680,33.438565,-18160.658988,48652.730306
130.807805,33.438565,-17870.050026,48652.188765
130.810931,33.438565,-17579.441085,48651.655959
130.814056,33.438565,-17288.832165,48651.131889
130.817182,33.438565,-16998.223266,48650.616555
130.820307,33.438565,-16707.614386,48650.109957
130.823433,33.438565,-16417.005526,48649.612095
130.826559,33.438565,-16126.396685,48649.122968
130.829684,33.438565,-15835.787864,48648.642577
130.832810,33.438565,-15545.179061,48648.170922
130.835935,33.438565,-15254.570276,48647.708003
130.839061,33.438565,-14963.961510,48647.253819
130.714039,33.440648,-26587.694370,48903.192417
130.717165,33.440648,-26297.091592,48902.397510
130.720290,33.440648,-26006.488845,48901.611340
130.723416,33.440648,-25715.886128,48900.833906
130.726541,33.440648,-25425.283441,48900.065208
130.729667,33.440648,-25134.680785,48899.305246
130.732793,33.440648,-24844.078158,48898.554021
130.735918,33.440648,-24553.475560,48897.811532
130.739044,33.440648,-24262.872991,48897.077779
130.742169,33.440648,-23972.270451,48896.352762
130.745295,33.440648,-23681.667939,48895.636481
130.748420,33.440648,-23391.065455,48894.928937
130.751546,33.440648,-23100.462999,48894.230128
130.754671,33.440648,-22809.860570,48893.540056
130.757797,33.440648,-22519.258167,48892.858720
130.760922,33.440648,-22228.655791,48892.186120
130.764048,33.440648,-21938.053442,48891.522257
130.767173,33.440648,-21647.451118,48890.867129
130.770299,33.440648,-21356.848820,48890.220738
130.773424,33.440648,-21066.246546,48889.583083
130.776550,33.440648,-20775.644298,48888.954164
130.779676,33.440648,-20485.042074,48888.333981
130.782801,33.440648,-20194.439875,48887.722534
130.785927,33.440648,-19903.837699,48887.119823
130.789052,33.440648,-19613.235546,48886.525848
130.792178,33.440648,-19322.633417,48885.940610
130.795303,33.440648,-19032.031310,48885.364107
130.798429,33.440648,-18741.429226,48884.796341
130.801554,33.440648,-18450.827164,48884.237311
130.804680,33.440648,-18160.225123,48883.687016
130.807805,33.440648,-17869.623105,48883.145458
130.810931,33.440648,-17579.021107,48882.612636
130.814056,33.440648,-17288.419129,48882.088550
130.817182,33.440648,-16997.817173,48881.573200
130.820307,33.440648,-16707.215236,48881.066586
130.823433,33.440648,-16416.613319,48880.568708
130.826559,33.440648,-16126.011421,48880.079567
130.829684,33.440648,-15835.409542,48879.599161
130.832810,33.440648,-15544.807682,48879.127491
130.835935,33.440648,-15254.205840,48878.664557
130.839061,33.440648,-14963.604016,48878.210359
130.714039,33.442730,-26587.059127,49134.149813
130.717165,33.442730,-26296.463292,49133.354881
130.720290,33.442730,-26005.867488,49132.568686
130.723416,33.442730,-25715.271714,49131.791228
130.726541,33.442730,-25424.675971,49131.022506
130.729667,33.442730,-25134.080258,49130.262521
130.732793,33.442730,-24843.484574,49129.511272
130.735918,33.442730,-24552.888920,49128.768760
130.739044,33.442730,-24262.293295,49128.034984
130.742169,33.442730,-23971.697698,49127.309944
130.745295,33.442730,-23681.102129,49126.593641
130.748420,33.442730,-23390.506588,49125.886075
130.751546,33.442730,-23099.911075,49125.187245
130.754671,33.442730,-22809.315589,49124.497151
130.757797,33.442730,-22518.720130,49123.815794
130.760922,33.442730,-22228.124698,49123.143173
130.764048,33.442730,-21937.529291,49122.479289
130.767173,33.442730,-21646.933911,49121.824141
130.770299,33.442730,-21356.338556,49121.177730
130.773424,33.442730,-21065.743226,49120.540055
130.776550,33.442730,-20775.147921,49119.911116
130.779676,33.442730,-20484.552640,49119.290914
130.782801,33.442730,-20193.957384,49118.679448
130.785927,33.442730,-19903.362151,49118.076718
130.789052,33.442730,-19612.766942,49117.482725
130.792178,33.442730,-19322.171756,49116.897468
130.795303,33.442730,-19031.576592,49116.320948
130.798429,33.442730,-18740.981451,49115.753164
130.801554,33.442730,-18450.386332,49115.194116
130.804680,33.442730,-18159.791235,49114.643805
130.807805,33.442730,-17869.196159,49114.102230
130.810931,33.442730,-17578.601105,49113.569391
130.814056,33.442730,-17288.006071,49113.045289
130.817182,33.442730,-16997.411057,49112.529923
130.820307,33.442730,-16706.816063,49112.023293
130.823433,33.442730,-16416.221089,49111.525400
130.826559,33.442730,-16125.626135,49111.036242
130.829684,33.442730,-15835.031199,49110.555822
130.832810,33.442730,-15544.436282,49110.084137
130.835935,33.442730,-15253.841384,49109.621189
130.839061,33.442730,-14963.246503,49109.166977
130.714039,33.444813,-26586.423849,49365.107286
130.717165,33.444813,-26295.834957,49364.312330
130.720290,33.444813,-26005.246097,49363.526110
130.723416,33.444813,-25714.657267,49362.748628
130.726541,33.444813,-25424.068468,49361.979882
130.729667,33.444813,-25133.479698,49361.219873
130.732793,33.444813,-24842.890958,49360.468601
130.735918,33.444813,-24552.302248,49359.726065
130.739044,33.444813,-24261.713566,49358.992267
130.742169,33.444813,-23971.124913,49358.267205
130.745295,33.444813,-23680.536288,49357.550879
130.748420,33.444813,-23389.947691,49356.843291
130.751546,33.444813,-23099.359121,49356.144439
130.754671,33.444813,-22808.770579,49355.454324
130.757797,33.444813,-22518.182063,49354.772946
130.760922,33.444813,-22227.593575,49354.100304
130.764048,33.444813,-21937.005112,49353.436399
130.767173,33.444813,-21646.416675,49352.781231
130.770299,33.444813,-21355.828264,49352.134799
130.773424,33.444813,-21065.239877,49351.497104
130.776550,33.444813,-20774.651516,49350.868146
130.779676,33.444813,-20484.063179,49350.247924
130.782801,33.444813,-20193.474866,49349.636439
130.785927,33.444813,-19902.886577,49349.033691
130.789052,33.444813,-19612.298311,49348.439679
130.792178,33.444813,-19321.710069,49347.854404
130.795303,33.444813,-19031.121849,49347.277866
130.798429,33.444813,-18740.533652,49346.710064
130.801554,33.444813,-18449.945476,49346.150999
130.804680,33.444813,-18159.357323,49345.600671
130.807805,33.444813,-17868.769191,49345.059079
130.810931,33.444813,-17578.181080,49344.526223
130.814056,33.444813,-17287.592989,49344.002105
130.817182,33.444813,-16997.004919,49343.486723
130.820307,33.444813,-16706.416869,49342.980077
130.823433,33.444813,-16415.828839,49342.482168
130.826559,33.444813,-16125.240828,49341.992996
130.829684,33.444813,-15834.652835,49341.512560
130.832810,33.444813,-15544.064862,49341.040861
130.835935,33.444813,-15253.476907,49340.577898
130.839061,33.444813,-14962.888970,49340.123672
130.714039,33.446895,-26585.788535,49596.064836
130.717165,33.446895,-26295.206588,49595.269856
130.720290,33.446895,-26004.624671,49594.483612
130.723416,33.446895,-25714.042786,49593.706105
130.726541,33.446895,-25423.460930,49592.937335
130.729667,33.446895,-25132.879105,49592.177303
130.732793,33.446895,-24842.297309,49591.426007
130.735918,33.446895,-24551.715543,49590.683448
130.739044,33.446895,-24261.133805,49589.949627
130.742169,33.446895,-23970.552096,49589.224542
130.745295,33.446895,-23679.970415,49588.508195
130.748420,33.446895,-23389.388762,49587.800584
130.751546,33.446895,-23098.807137,49587.101711
130.754671,33.446895,-22808.225538,49586.411574
130.757797,33.446895,-22517.643967,49585.730175
130.760922,33.446895,-22227.062422,49585.057512
130.764048,33.446895,-21936.480903,49584.393586
130.767173,33.446895,-21645.899411,49583.738398
130.770299,33.446895,-21355.317943,49583.091946
130.773424,33.446895,-21064.736501,49582.454231
130.776550,33.446895,-20774.155084,49581.825253
130.779676,33.446895,-20483.573691,49581.205012
130.782801,33.446895,-20192.992322,49580.593508
130.785927,33.446895,-19902.410977,49579.990741
130.789052,33.446895,-19611.829655,49579.396711
130.792178,33.446895,-19321.248356,49578.811418
130.795303,33.446895,-19030.667081,49578.234862
130.798429,33.446895,-18740.085827,49577.667042
130.801554,33.446895,-18449.504596,49577.107960
130.804680,33.446895,-18158.923386,49576.557614
130.807805,33.446895,-17868.342198,49576.016005
130.810931,33.446895,-17577.761031,49575.483133
130.814056,33.446895,-17287.179885,49574.958998
130.817182,33.446895,-16996.598758,49574.443600
130.820307,33.446895,-16706.017652,49573.936939
130.823433,33.446895,-16415.436566,49573.439015
130.826559,33.446895,-16124.855499,49572.949827
130.829684,33.446895,-15834.274451,49572.469376
130.832810,33.446895,-15543.693421,49571.997663
130.835935,33.446895,-15253.112410,49571.534686
130.839061,33.446895,-14962.531417,49571.080445
130.714039,33.448978,-26585.153186,49827.022465
130.717165,33.448978,-26294.578183,49826.227459
130.720290,33.448978,-26004.003212,49825.441191
130.723416,33.448978,-25713.428270,49824.663660
130.726541,33.448978,-25422.853360,49823.894866
130.729667,33.448978,-25132.278479,49823.134810
130.732793,33.448978,-24841.703627,49822.383491
130.735918,33.448978,-24551.128805,49821.640909
130.739044,33.448978,-24260.554012,49820.907065
130.742169,33.448978,-23969.979247,49820.181958
130.745295,33.448978,-23679.404511,49819.465588
130.748420,33.448978,-23388.829802,49818.757955
130.751546,33.448978,-23098.255121,49818.059060
130.754671,33.448978,-22807.680468,49817.368902
130.757797,33.448978,-22517.105841,49816.687481
130.760922,33.448978,-22226.531240,49816.014797
130.764048,33.448978,-21935.956666,49815.350851
130.767173,33.448978,-21645.382118,49814.695642
130.770299,33.448978,-21354.807595,49814.049170
130.773424,33.448978,-21064.233097,49813.411436
130.776550,33.448978,-20773.658624,49812.782438
130.779676,33.448978,-20483.084175,49812.162178
130.782801,33.448978,-20192.509751,49811.550655
130.785927,33.448978,-19901.935350,49810.947869
130.789052,33.448978,-19611.360973,49810.353820
130.792178,33.448978,-19320.786619,49809.768509
130.795303,33.448978,-19030.212287,49809.191935
130.798429,33.448978,-18739.637978,49808.624098
130.801554,33.448978,-18449.063691,49808.064998
130.804680,33.448978,-18158.489426,49807.514635
130.807805,33.448978,-17867.915182,49806.973009
130.810931,33.448978,-17577.340959,49806.440121
130.814056,33.448978,-17286.766757,49805.915970
130.817182,33.448978,-16996.192575,49805.400555
130.820307,33.448978,-16705.618414,49804.893878
130.823433,33.448978,-16415.044272,49804.395939
130.826559,33.448978,-16124.470149,49803.906736
130.829684,33.448978,-15833.896045,49803.426270
130.832810,33.448978,-15543.321960,49802.954542
130.835935,33.448978,-15252.747893,49802.491550
130.839061,33.448978,-14962.173844,49802.037296
130.714039,33.451060,-26584.517802,50057.980170
130.717165,33.451060,-26293.949744,50057.185140
130.720290,33.451060,-26003.381717,50056.398847
130.723416,33.451060,-25712.813721,50055.621292
130.726541,33.451060,-25422.245755,50054.852475
130.729667,33.451060,-25131.677819,50054.092395
130.732793,33.451060,-24841.109912,50053.341052
130.735918,33.451060,-24550.542035,50052.598447
130.739044,33.451060,-24259.974187,50051.864580
130.742169,33.451060,-23969.406367,50051.139450
130.745295,33.451060,-23678.838576,50050.423058
130.748420,33.451060,-23388.270812,50049.715404
130.751546,33.451060,-23097.703076,50049.016487
130.754671,33.451060,-22807.135367,50048.326307
130.757797,33.451060,-22516.567685,50047.644865
130.760922,33.451060,-22226.000029,50046.972161
130.764048,33.451060,-21935.432399,50046.308194
130.767173,33.451060,-21644.864796,50045.652964
130.770299,33.451060,-21354.297218,50045.006472
130.773424,33.451060,-21063.729665,50044.368718
130.776550,33.451060,-20773.162136,50043.739701
130.779676,33.451060,-20482.594633,50043.119421
130.782801,33.451060,-20192.027153,50042.507879
130.785927,33.451060,-19901.459697,50041.905075
130.789052,33.451060,-19610.892265,50041.311007
130.792178,33.451060,-19320.324855,50040.725678
130.795303,33.451060,-19029.757469,50040.149086
130.798429,33.451060,-18739.190104,50039.581231
130.801554,33.451060,-18448.622762,50039.022113
130.804680,33.451060,-18158.055442,50038.471734
130.807805,33.451060,-17867.488142,50037.930091
130.810931,33.451060,-17576.920864,50037.397186
130.814056,33.451060,-17286.353607,50036.873018
130.817182,33.451060,-16995.786370,50036.357588
130.820307,33.451060,-16705.219153,50035.850895
130.823433,33.451060,-16414.651956,50035.352940
130.826559,33.451060,-16124.084778,50034.863722
130.829684,33.451060,-15833.517619,50034.383242
130.832810,33.451060,-15542.950478,50033.911498
130.835935,33.451060,-15252.383356,50033.448492
130.839061,33.451060,-14961.816252,50032.994224
130.714039,33.453143,-26583.882383,50288.937953
130.717165,33.453143,-26293.321270,50288.142898
130.720290,33.453143,-26002.760189,50287.356581
130.723416,33.453143,-25712.199138,50286.579002
130.726541,33.453143,-25421.638117,50285.810160
130.729667,33.453143,-25131.077126,50285.050057
130.732793,33.453143,-24840.516165,50284.298691
130.735918,33.453143,-24549.955233,50283.556063
130.739044,33.453143,-24259.394330,50282.822173
130.742169,33.453143,-23968.833455,50282.097021
130.745295,33.453143,-23678.272609,50281.380606
130.748420,33.453143,-23387.711790,50280.672930
130.751546,33.453143,-23097.150999,50279.973991
130.754671,33.453143,-22806.590236,50279.283790
130.757797,33.453143,-22516.029499,50278.602327
130.760922,33.453143,-22225.468788,50277.929601
130.764048,33.453143,-21934.908104,50277.265614
130.767173,33.453143,-21644.347446,50276.610364
130.770299,33.453143,-21353.786813,50275.963852
130.773424,33.453143,-21063.226205,50275.326077
130.776550,33.453143,-20772.665622,50274.697041
130.779676,33.453143,-20482.105063,50274.076742
130.782801,33.453143,-20191.544528,50273.465181
130.785927,33.453143,-19900.984018,50272.862358
130.789052,33.453143,-19610.423530,50272.268272
130.792178,33.453143,-19319.863066,50271.682924
130.795303,33.453143,-19029.302625,50271.106314
130.798429,33.453143,-18738.742206,50270.538442
130.801554,33.453143,-18448.181808,50269.979307
130.804680,33.453143,-18157.621433,50269.428910
130.807805,33.453143,-17867.061079,50268.887251
130.810931,33.453143,-17576.500746,50268.354329
130.814056,33.453143,-17285.940434,50267.830145
130.817182,33.453143,-16995.380142,50267.314699
130.820307,33.453143,-16704.819870,50266.807990
130.823433,33.453143,-16414.259618,50266.310019
130.826559,33.453143,-16123.699385,50265.820786
130.829684,33.453143,-15833.139171,50265.340291
130.832810,33.453143,-15542.578976,50264.868533
130.835935,33.453143,-15252.018799,50264.405512
130.839061,33.453143,-14961.458640,50263.951230
130.714039,33.455225,-26583.246928,50519.895814
130.717165,33.455225,-26292.692761,50519.100734
130.720290,33.455225,-26002.138626,50518.314393
130.723416,33.455225,-25711.584520,50517.536789
130.726541,33.455225,-25421.030445,50516.767924
130.729667,33.455225,-25130.476400,50516.007797
130.732793,33.455225,-24839.922384,50515.256407
130.735918,33.455225,-24549.368398,50514.513756
130.739044,33.455225,-24258.814440,50513.779843
130.742169,33.455225,-23968.260512,50513.054669
130.745295,33.455225,-23677.706611,50512.338232
130.748420,33.455225,-23387.152738,50511.630533
130.751546,33.455225,-23096.598893,50510.931573
130.754671,33.455225,-22806.045074,50510.241350
130.757797,33.455225,-22515.491283,50509.559866
130.760922,33.455225,-22224.937518,50508.887120
130.764048,33.455225,-21934.383779,50508.223111
130.767173,33.455225,-21643.830067,50507.567841
130.770299,33.455225,-21353.276379,50506.921309
130.773424,33.455225,-21062.722717,50506.283515
130.776550,33.455225,-20772.169079,50505.654459
130.779676,33.455225,-20481.615466,50505.034140
130.782801,33.455225,-20191.061877,50504.422560
130.785927,33.455225,-19900.508312,50503.819718
130.789052,33.455225,-19609.954770,50503.225614
130.792178,33.455225,-19319.401252,50502.640248
130.795303,33.455225,-19028.847756,50502.063620
130.798429,33.455225,-18738.294282,50501.495730
130.801554,33.455225,-18447.740831,50500.936578
130.804680,33.455225,-18157.187401,50500.386164
130.807805,33.455225,-17866.633992,50499.844488
130.810931,33.455225,-17576.080605,50499.311549
130.814056,33.455225,-17285.527238,50498.787349
130.817182,33.455225,-16994.973892,50498.271887
130.820307,33.455225,-16704.420565,50497.765162
130.823433,33.455225,-16413.867258,50497.267176
130.826559,33.455225,-16123.313971,50496.777928
130.829684,33.455225,-15832.760703,50496.297417
130.832810,33.455225,-15542.207453,50495.825645
130.835935,33.455225,-15251.654221,50495.362610
130.839061,33.455225,-14961.101008,50494.908313
130.714039,33.457308,-26582.611439,50750.853752
130.717165,33.457308,-26292.064218,50750.058648
130.720290,33.457308,-26001.517028,50749.272282
130.723416,33.457308,-25710.969869,50748.494654
130.726541,33.457308,-25420.422740,50747.725765
130.729667,33.457308,-25129.875641,50746.965614
130.732793,33.457308,-24839.328571,50746.214201
130.735918,33.457308,-24548.781531,50745.471527
130.739044,33.457308,-24258.234519,50744.737591
130.742169,33.457308,-23967.687536,50744.012394
130.745295,33.457308,-23677.140581,50743.295935
130.748420,33.457308,-23386.593654,50742.588214
130.751546,33.457308,-23096.046755,50741.889232
130.754671,33.457308,-22805.499883,50741.198988
130.757797,33.457308,-22514.953038,50740.517483
130.760922,33.457308,-22224.406219,50739.844715
130.764048,33.457308,-21933.859426,50739.180686
130.767173,33.457308,-21643.312659,50738.525396
130.770299,33.457308,-21352.765917,50737.878844
130.773424,33.457308,-21062.219201,50737.241030
130.776550,33.457308,-20771.672510,50736.611954
130.779676,33.457308,-20481.125842,50735.991616
130.782801,33.457308,-20190.579199,50735.380017
130.785927,33.457308,-19900.032580,50734.777156
130.789052,33.457308,-19609.485984,50734.183034
130.792178,33.457308,-19318.939411,50733.597650
130.795303,33.457308,-19028.392861,50733.021004
130.798429,33.457308,-18737.846334,50732.453096
130.801554,33.457308,-18447.299828,50731.893926
130.804680,33.457308,-18156.753344,50731.343495
130.807805,33.457308,-17866.206882,50730.801802
130.810931,33.457308,-17575.660440,50730.268847
130.814056,33.457308,-17285.114019,50729.744631
130.817182,33.457308,-16994.567619,50729.229153
130.820307,33.457308,-16704.021238,50728.722412
130.823433,33.457308,-16413.474877,50728.224411
130.826559,33.457308,-16122.928536,50727.735147
130.829684,33.457308,-15832.382213,50727.254621
130.832810,33.457308,-15541.835909,50726.782834
130.835935,33.457308,-15251.289623,50726.319785
130.839061,33.457308,-14960.743356,50725.865474
130.714039,33.459390,-26581.975914,50981.811768
130.717165,33.459390,-26291.435640,50981.016639
130.720290,33.459390,-26000.895396,50980.230248
130.723416,33.459390,-25710.355183,50979.452596
130.726541,33.459390,-25419.815001,50978.683683
130.729667,33.459390,-25129.274848,50977.923509
130.732793,33.459390,-24838.734725,50977.172073
130.735918,33.459390,-24548.194631,50976.429376
130.739044,33.459390,-24257.654566,50975.695417
130.742169,33.459390,-23967.114529,50974.970197
130.745295,33.459390,-23676.574521,50974.253716
130.748420,33.459390,-23386.034540,50973.545973
130.751546,33.459390,-23095.494587,50972.846969
130.754671,33.459390,-22804.954661,50972.156704
130.757797,33.459390,-22514.414762,50971.475177
130.760922,33.459390,-22223.874890,50970.802389
130.764048,33.459390,-21933.335043,50970.138339
130.767173,33.459390,-21642.795223,50969.483028
130.770299,33.459390,-21352.255428,50968.836456
130.773424,33.459390,-21061.715658,50968.198622
130.776550,33.459390,-20771.175912,50967.569527
130.779676,33.459390,-20480.636192,50966.949170
130.782801,33.459390,-20190.096495,50966.337552
130.785927,33.459390,-19899.556822,50965.734672
130.789052,33.459390,-19609.017172,50965.140531
130.792178,33.459390,-19318.477546,50964.555129
130.795303,33.459390,-19027.937942,50963.978465
130.798429,33.459390,-18737.398361,50963.410539
130.801554,33.459390,-18446.858801,50962.851353
130.804680,33.459390,-18156.319264,50962.300904
130.807805,33.459390,-17865.779747,50961.759194
130.810931,33.459390,-17575.240252,50961.226223
130.814056,33.459390,-17284.700778,50960.701990
130.817182,33.459390,-16994.161323,50960.186496
130.820307,33.459390,-16703.621889,50959.679740
130.823433,33.459390,-16413.082474,50959.181723
130.826559,33.459390,-16122.543079,50958.692444
130.829684,33.459390,-15832.003703,50958.211903
130.832810,33.459390,-15541.464345,50957.740102
130.835935,33.459390,-15250.925006,50957.277038
130.839061,33.459390,-14960.385684,50956.822713
